50372,0.8669912865197335
soon,38
mtmsg,0
tiring,1
pole,1
eve,9
ak,1
txt43,0
prabu,1
lifebook,1
27,0
gua,1
eggs,1
repair,1
bristol,2
twinks,0
45pm,1
aight,24
ollu,1
xoxo,1
auction,2
cage,1
conacted,0
box245c2150pm,0
dancce,1
traffic,1
gals,4
divorce,1
pa,26
pan,2
most,21
installation,1
nino,1
systems,1
legal,2
cartoon,3
minute,8
alex,6
dialogue,1
dice,1
sport,0
code,1
uncle,7
purple,1
truck,1
tor,1
iouri,1
asp,0
maximize,0
icicibank,2
usf,6
wun,6
iï,12
remembrs,1
necklace,2
needle,1
banned,0
names,1
ralphs,1
petticoatdreams,0
hour,20
sculpture,1
comes,15
died,5
computer,4
choice,2
untamed,0
pg,3
vikky,3
ultimately,1
nvm,2
partnership,2
snatch,1
weakness,1
carefully,4
your,291
styling,1
08715203694,0
asus,1
lined,1
funny,7
thursday,3
punish,1
imprtant,1
wipro,2
strict,1
replying,2
dancing,2
pthis,1
dhanush,1
csbcm4235wc1n3xx,0
83600,0
arithmetic,1
trial,0
refunded,0
dartboard,0
list,4
image,1
chill,2
opening,2
fondly,1
merry,8
1956669,0
twilight,0
scarcasim,1
pleased,2
agent,0
bx,0
sub,1
prone,1
irritating,2
cruisin,1
emc1,0
punj,1
die,8
supervisor,3
unjalur,1
posh,0
evil,1
delayed,1
sao,1
½50award,0
feathery,1
2gthr,1
650,1
guild,1
maneesha,3
huiming,1
515,1
appear,1
apart,2
hearted,1
asleep,4
premium,0
suppliers,0
appreciate,4
plumbing,1
img,0
tddnewsletter,0
tonght,1
vibrate,1
bac,1
2docd,1
24m,0
thgt,2
polyc,0
grateful,1
dooms,1
particularly,1
street,5
toppoly,0
interest,2
listn,1
anymore,8
draw,5
preferably,2
rice,2
mee,1
rub,1
1843,1
4few,1
chuckin,1
neville,1
girlfrnd,2
offered,1
3rd,4
baig,1
armenia,1
drug,5
ew,1
information,2
havebeen,1
on,282
minimum,1
spree,0
fml,2
tp,1
technical,3
hamster,1
imp,2
rounder,1
goodfriend,1
serving,2
menu,6
algarve,0
87077,0
84,0
celebrate,2
seventeen,1
the,792
jobs,1
betta,1
cock,2
patent,1
sk38xh,0
com1win150ppmx3age16,0
skillgame,0
barcelona,1
69988,0
dude,19
no,219
crammed,1
sherawat,1
hence,2
modules,1
saw,14
themob,0
thanks2,1
causes,1
eye,0
tulip,0
plum,1
friendships,1
thepub,1
loved,8
im,47
09058091854,0
printed,2
laundry,1
bloo,3
wave,0
recharged,1
coat,2
role,3
w45wq,0
08718727870,0
em,4
di,1
waheed,2
jamster,0
staying,5
steal,1
jog,1
gopalettan,1
pretend,1
textand,0
xxuk,0
antha,1
holy,1
cars,3
generally,2
gbp4,0
neglect,1
liked,4
220,0
dave,1
anjola,1
colour,3
low,1
sankatmochan,1
motorola,1
cozy,1
½4,0
extreme,0
hol,1
intention,1
breath,1
cruise,0
didntgive,1
recession,2
tb,2
½day,1
divert,1
salam,1
rental,0
tayseer,2
dramatic,1
adore,1
ac,0
calculated,1
who,48
cutting,1
bathing,3
chikku,15
8am,2
howda,1
10ppm,0
up4,2
4719,0
parts,1
meets,1
dictionary,4
promised,0
twice,5
as,116
09058094455,0
rum,2
direct,1
ay,1
suite,1
offering,0
tookplace,1
otside,1
somewhat,1
access,2
asked,17
poop,1
bookshelf,1
ashley,1
hhahhaahahah,1
9t,2
thousands,0
81010,0
letters,2
matured,3
½rents,1
in2,2
live,15
pressies,1
drms,1
greetings,3
sitting,4
charts,0
82324,0
gay,1
buff,3
resolution,1
upset,2
euro,0
yan,4
2i,1
removal,0
eh74rr,0
consistently,1
18yrs,0
lacking,1
visitors,1
saeed,1
2wks,1
compulsory,1
function,1
7mp,0
browse,0
jst,2
my,541
nte,1
egbon,1
us,35
goodtime,1
junna,1
gently,3
tom,2
wondering,5
random,3
within,5
much,77
nos,1
fun,12
yesterday,16
specialise,1
converter,1
sef,1
dhoni,1
nvq,1
4give,1
pay,28
update,2
hiya,4
allow,0
talking,8
types,0
firefox,1
none,6
tomorro,1
apt,1
loko,1
engalnd,1
lov,1
tkts,0
08081263000,0
we,250
wc1n3xx,0
ibiza,0
freedom,1
3lp,0
barely,4
dent,1
incident,3
espe,1
q,2
hv,3
temple,3
cougar,1
arrive,1
4742,0
sugardad,1
printer,1
apnt,1
evr,2
ain,3
ì,1
rough,1
horny,0
smell,1
terrible,3
wid,14
gosh,1
suckers,1
tagged,1
box139,0
arise,1
oops,6
shoot,4
painful,2
mess,1
broken,2
textbuddy,0
cumin,0
ever,24
getzed,0
inpersonation,1
weirdo,1
real,16
acting,2
causing,1
cover,6
7ish,2
norm150p,0
449071512431,0
opt,0
checking,6
prove,3
freshers,1
saturday,7
payed2day,1
aathi,5
entry,0
prevent,1
sooooo,2
pobox36504w45wq,0
affectionate,1
outreach,1
winterstone,1
owl,1
restrictions,0
fro,1
40533,0
bottom,2
guessin,1
babysitting,1
chat80155,0
mono,0
passed,2
suprman,0
fletcher,1
persevered,1
100,0
plane,5
jus,26
sufficient,1
eatin,5
genuine,0
got,164
vry,3
hungry,8
wahleykkum,1
pick,48
loan,5
bold,4
54,0
fools,1
flat,4
molested,1
masteriastering,1
already,66
approaches,1
couldnï,1
asa,1
tat,4
fight,2
mistake,6
tiz,1
jacket,1
brand,2
hasnt,1
langport,2
boooo,1
isv,1
sports,1
thesis,2
83383,0
sullivan,0
ish,6
pro,0
handing,1
member,2
silly,1
flip,1
are,297
sehwag,1
somethin,3
weasels,1
flirting,0
female,1
bday,2
butting,1
hands,4
sound,7
chords,1
next,26
spageddies,1
okies,1
ill,33
poly3,0
feelin,0
moral,5
msgrcvdhg,0
ntimate,1
issues,2
superior,2
paces,1
freaked,1
twiggs,1
mobno,0
fridge,1
09061221066,0
diet,3
teletext,0
neft,2
mirror,1
tcr,0
wa,2
brain,1
latest,3
skateboarding,1
served,1
nowhere,1
affection,4
45239,0
feeling,14
unsubscribe,0
gotto,0
wan,29
attempt,1
eï,0
squid,1
comin,9
wise,2
darker,1
makin,2
polyph,0
offcampus,1
corporation,1
hp20,0
wotz,1
slave,6
hcl,1
ads,0
tomorrow,60
4fil,0
eveb,1
subscrition,0
printing,1
08000839402,0
usb,2
impossible,2
permanent,1
shop,10
tai,1
heads,2
least,9
way2sms,1
kr,2
sorting,1
obey,1
wana,10
jersey,0
mobs,0
pressure,1
tigress,1
dress,1
manda,4
08708800282,0
carry,1
vid,0
gt,242
cya,1
rates,0
strt,0
82468,0
stagwood,1
08081560665,0
68866,0
shoul,1
shove,1
09056242159,0
bari,1
success,1
½5,0
sense,6
sympathetic,1
bt,13
had,63
mary,1
while,19
nelson,1
system,4
remember,24
nokia,1
bilo,1
qjkgighjjgcbl,0
dbuk,0
ld,1
transfr,1
some,81
gary,2
single,4
time,143
relaxing,1
lccltd,0
joke,4
trust,7
adrian,0
88800,0
scenario,1
wiskey,2
ammo,1
mostly,2
vodafone,0
jiu,4
you,1412
cheaper,2
drugs,8
takin,2
huge,1
382,1
lookin,3
sing,1
35p,0
09050002311,0
laptop,11
monkeyaround,1
sender,2
constantly,1
happened,11
nice,43
08718723815,0
rajas,1
etc,3
borin,1
shes,1
fo,2
lim,1
bognor,1
title,0
rtf,0
snap,0
entered,5
seat,3
nething,1
flight,2
bring,15
cds,0
dorothy,0
resubbing,1
now,204
07732584351,0
offdam,1
d3wv,0
anythin,2
waves,2
kisses,2
wifi,1
ese,1
lick,2
yi,1
mobileupd8,0
sway,1
fat,4
toclaim,0
shakara,1
yrs,4
sweet,24
izzit,3
310303,0
minmobsmorelkpobox177hp51fl,0
scrumptious,1
intrude,1
happiness,10
ffectionate,1
care,41
callin,1
ninish,1
bud,2
outfor,1
remind,3
weekends,2
priest,1
leads,1
7,29
digi,1
century,1
research,4
ponnungale,1
drpd,1
known,1
tirunelvai,1
plenty,4
10th,0
mp3,2
800,0
independently,1
discreet,0
jet,1
nokia6650,0
howz,6
125gift,0
which,34
pounded,1
pixels,1
listened2the,1
ge,7
crore,2
republic,1
arnt,1
luckily,1
throwin,1
latests,0
kaiez,1
keyword,0
sleeping,17
amt,3
kuch,1
hottest,0
gives,5
ordinator,1
stressed,1
50pmmorefrommobile2bremoved,0
3100,0
secretary,1
zac,1
explicitly,1
raining,4
why,53
whereare,1
attend,3
l,3
runs,3
4d,2
raiden,1
keep,41
csc,0
somebody,7
earliest,1
sec,5
werebored,1
beware,2
jump,1
birthday,25
113,0
yahoo,5
tactless,1
cookies,2
amp,67
mad2,0
a21,0
aww,2
iphone,1
including,5
tomorw,1
ended,5
scotland,2
shld,1
07753741225,0
amore,1
ryan,1
her,83
embarassing,1
keluviri,1
434,0
aiyo,3
cherthala,1
urawinner,0
lotta,1
collages,1
exact,3
meaningless,1
clue,1
any,79
here,84
shuhui,5
respond,2
silence,1
eightish,1
4goten,0
unhappy,1
sumthin,1
dled,1
slices,1
ing,2
½12,0
habit,2
pansy,1
plate,1
fallen,1
itxt,1
pdate_now,0
myself,8
babyjontet,1
rcvd,0
mcr,1
clean,9
alertfrom,0
liverpool,0
walk,11
_,2
geeee,3
childrens,1
details,11
bbd,1
flowers,0
anjie,1
sister,12
transport,1
sweetest,2
ink,1
87575,0
scratches,1
dasara,1
mum,14
smoothly,1
gymnastics,1
squishy,1
lucyxx,1
spare,2
save,4
cons,1
services,1
shitload,1
abt,21
answers,2
spring,2
half8th,1
watch,22
scammers,0
splashmobile,0
showrooms,1
nyc,2
3optical,1
peripherals,1
2,216
½ûªm,1
sit,5
netcollex,0
uwana,1
fones,0
rummer,1
whos,3
work,68
s3xy,0
itried2tell,1
rhythm,2
overdose,1
evaporated,1
mail,23
canal,1
path,1
benefits,1
color,2
programs,1
diwali,2
shanghai,1
hotmix,0
stash,1
red,4
roger,2
missions,1
discuss,3
milta,1
theatre,3
been,64
after,59
studying,5
bb,6
commit,1
lost,9
aberdeen,0
ruining,1
steak,1
bother,5
xxsp,0
09064011000,0
drunken,1
stranger,3
hype,1
gei,1
destiny,1
character,5
feel,51
edhae,1
onto,0
ovr,1
mitsake,1
861,0
losers,1
afternoons,1
nig,1
goodmate,1
smoked,1
analysis,1
garbage,1
eaten,1
look,18
lindsay,1
rakhesh,7
didnï,2
slippery,1
meet,55
secondary,1
ma,4
dan,1
uni,3
prescripiton,0
inches,3
waited,2
peoples,1
onluy,1
2mrw,2
famamus,1
weren,1
inever,1
flood,1
freemsg,0
orange,4
teachers,1
08712402902,0
drinkin,2
8,22
lion,2
thanx4,1
given,3
disastrous,1
loves,3
gota,1
justthought,1
crab,3
onion,2
wating,1
61200,0
09066368470,0
resizing,1
w1jhl,0
½500,0
rude,1
flash,2
tming,1
nalli,1
settled,4
correction,2
ahhh,1
census,1
innocent,1
england,0
pharmacy,1
420,1
indian,4
yourinclusive,0
fated,1
till,17
custom,1
ok,212
too,75
25p,0
gmw,0
chinky,1
papa,1
4t,0
install,0
arestaurant,1
tendencies,1
pulls,1
cbe,3
700,2
iron,1
jealous,2
nokia6600,0
moms,5
shore,2
weigh,2
signal,1
importantly,1
medicine,2
performed,1
scold,1
teach,5
messaged,2
player,2
ft,1
call2optout,0
cardin,1
hooked,1
brats,1
sum,2
singles,0
kodstini,1
valued,2
yup,29
univ,1
thirtyeight,0
swalpa,1
lyk,2
vodka,3
environment,1
shorter,3
8pm,1
loose,2
popped,2
wnt,5
total,1
shows,5
minded,0
mobilesdirect,0
daytime,0
avoid,2
posts,0
cyclists,1
hoops,1
nursery,1
100txt,0
arrival,1
spoons,1
reference,3
07801543489,0
tooth,0
pobox45w2tg150p,0
bowa,1
thot,2
optimistic,1
kodthini,1
unfortunately,2
jontin,1
received,1
14tcr,0
aah,1
08712101358,0
inperialmusic,1
massages,1
08701417012150p,0
fails,1
89555,0
k718,0
tensed,1
apply,2
hearts,2
tsunamis,2
f,1
first,42
stable,1
plm,2
factory,1
rudi,1
ambrith,1
thoughts,2
kickoff,0
pink,2
smashed,1
confirmed,2
womdarfull,1
friendship,14
attraction,1
087147123779am,0
shangela,1
36504,0
adoring,2
xxx,16
texts,7
rate,1
½10,0
blake,2
diesel,1
ammae,1
tones2u,0
employee,1
engaged,1
comp,1
janx,1
silent,8
jenne,1
falls,2
k61,0
colleagues,6
would,55
bar,2
grinder,1
eating,6
stress,1
pissed,3
upstairs,2
mushy,1
shouldn,4
stopcost,0
scrounge,2
gorgeous,3
69101,0
8552,0
suffer,1
iam,7
gist,1
fuelled,1
due,2
callsï,0
wishlist,1
hurried,2
shower,6
raed,1
tour,2
haul,1
possessive,1
percentages,1
jane,1
mah,10
hardcore,1
todo,1
winds,1
mob,0
penis,2
club4mobiles,0
captaining,1
craving,1
madam,2
09066362220,0
especially,4
sic,0
eldest,1
certainly,2
keralacircle,2
isnt,4
virtual,1
did,93
store,2
sara,0
idk,3
flung,1
batch,2
developed,1
thnx,1
hourish,1
prizes,0
jul,0
agidhane,1
0808,0
insurance,4
jas,1
buttons,1
decisions,2
months,6
road,6
accounting,1
ooh,1
process,5
poortiyagi,1
however,6
dub,1
4info,0
mention,1
ctxt,0
pin,3
todays,3
frwd,1
5years,1
emergency,1
edu,2
contacted,0
supplies,1
awarded,0
stars,2
murali,1
lanka,1
special,26
entey,1
probably,22
withdraw,1
½1450,0
orig,0
surname,1
december,0
½6,2
cute,7
small,8
luton,1
windows,2
fell,1
cs,0
cheered,1
dubsack,1
wins,2
but,318
dudes,1
prescription,1
amplikater,1
asks,3
hard,9
uks,0
fresh,1
acknowledgement,1
cw25wx,0
knock,0
av,1
speling,1
1327,0
delete,2
aptitude,1
09041940223,0
or2stoptxt,0
christ,1
pee,1
widelive,0
suply,1
brilliant,5
hamper,1
storming,1
entertain,1
ahead,7
curfew,1
yer,0
film,5
measure,2
listening,2
wales,2
dealer,1
ran,3
sony,1
roommate,4
attributed,1
unfortuntly,1
wrench,1
½nd,0
l8,1
height,4
becomes,2
inde,1
wherre,1
future,2
only1more,1
way,73
peril,1
designation,1
holiday,10
optin,0
spook,0
resubmit,0
messy,2
falconerf,1
sk3,0
aftr,5
victors,1
becoz,3
sentence,2
supose,1
brothers,1
unredeemed,0
past,6
iz,2
five,3
cn,2
buffy,0
09099726553,0
itcould,0
ga,1
32,0
deus,1
screaming,5
disturb,7
hella,4
specs,1
½200,0
xchat,0
aroundn,1
cheery,1
came,21
reminding,2
fish,3
give,63
coins,4
festival,1
u,695
str8,0
share,4
cave,1
collect,5
rcd,0
she,114
customer,7
slip,2
sq825,1
careers,0
rv,1
sharing,1
knackered,2
courtroom,1
pre,1
african,1
janinexx,0
apologize,1
850,1
24,0
wuld,1
combine,2
popcorn,1
unknown,2
83355,0
swann,1
justify,1
00,0
wnevr,1
proove,1
arun,2
kochi,1
towards,6
owns,2
pages,3
lotsly,1
ic,1
bread,1
dload,0
physics,1
btw,4
peak,0
61610,0
ganesh,2
5pm,2
books,2
528,0
noline,0
lil,2
fast,12
88888,0
tickets,5
conditions,1
progress,1
mental,1
camera,1
uve,0
enjoyed,2
fyi,2
senor,1
iknow,1
rcv,0
09061790121,0
lacs,4
trek,1
valid,0
ltd,0
browsin,1
3days,1
truth,9
parked,3
sw73ss,0
talent,3
kb,7
unique,2
shrek,1
enketa,1
requires,1
when,206
squatting,1
finest,0
09061743811,0
7876150ppm,0
platt,1
far,12
educational,1
surgical,1
takecare,1
beauties,1
melle,6
stone,1
monthlysubscription,0
darling,2
earn,1
nothin,1
nw,3
comb,1
forever,6
lido,3
truly,2
nattil,1
quizclub,0
seems,7
exorcist,0
07046744435,0
outbid,0
chinese,5
haven,13
welp,2
beads,1
barbie,0
passionate,4
lo,2
09058095201,0
neighbor,1
09099726481,0
zouk,0
assumed,1
12,4
still,110
videosounds,0
during,6
iraq,1
doubletxt,0
violet,0
event,2
better,29
shirts,2
somtimes,1
rain,8
paperwork,1
inc,0
katexxx,1
txt250,0
wth,1
misss,1
cann,1
526,0
85555,0
10p,0
salad,1
publish,1
farm,3
forgot,21
bonus,0
tihs,2
persons,6
pushes,2
polyphonic,0
posible,1
lor,106
careabout,1
centre,3
champ,1
872,0
soiree,1
nri,1
lf56,0
begging,2
tight,1
comfort,2
usps,1
15,2
knocking,1
forums,2
il,9
department,1
footie,1
digits,0
likely,3
starving,1
09050001808,0
09094100151,0
funk,0
bout,13
08717205546,0
groovying,1
speeding,1
winnersclub,0
abusers,1
zoe,1
csh11,0
recognises,1
age16,0
happend,4
record,3
flirtparty,0
½re,1
lionp,0
88039,0
visit,5
smile,30
budget,3
uk,0
sausage,1
bluetooth,0
1win150ppmx3,0
mandy,0
fatty,1
box39822,0
lyf,2
lose,18
1030,1
09061104283,0
realised,1
win,9
recharge,2
lipo,1
lately,1
priscilla,1
station,5
giving,4
hugh,1
participate,1
retard,1
vth,2
num,5
clubsaisai,0
missin,3
cramps,1
flag,0
following,1
laden,1
program,1
spoken,3
ctagg,1
collection,0
marking,1
wif,15
anna,1
bright,2
raviyog,1
broadband,1
spotty,1
malarky,1
cm2,0
08714712394,0
24hrs,0
properly,1
sleepingwith,0
exe,1
relationship,1
ip4,0
public,3
gauge,1
terms,2
pound,0
citizen,1
exhausted,3
grow,1
stylist,1
mca,1
buying,4
worst,1
blame,2
sleepwell,2
ruin,1
spend,8
callback,0
filling,1
sphosting,0
milk,3
reception,1
stories,0
whn,2
sorted,2
specify,1
evn,3
lived,1
08712460324,0
j5q,0
2geva,1
western,1
awaiting,0
premarica,1
74355,0
snowball,1
whatsup,2
between,16
unnecessarily,1
worries,7
selflessness,1
references,1
module,1
83435,0
description,1
clear,3
link,2
endowed,1
think,91
gudnite,3
yelling,1
weirdest,2
checkboxes,1
vill,1
report,2
dearly,2
payasam,1
piggy,1
longer,4
murderer,6
bedrm,1
masters,1
manege,1
qing,1
watever,1
must,17
subs,0
naughty,5
deposited,1
soil,1
84199,0
announcement,0
conference,1
deliveredtomorrow,0
lac,1
april,6
sacrifice,1
07734396839,0
beer,4
tkls,0
dogging,0
current,2
sept,0
wi,1
leaves,8
gr8,9
filth,0
09066362206,0
ecstasy,1
projects,1
valentine,4
theacusations,1
britney,0
sleepy,1
turning,2
badrith,1
07808,0
lolnice,1
stones,2
alcohol,3
gimme,2
un,1
uhhhhrmm,1
fancies,0
30th,0
gautham,2
determine,1
setting,2
jeri,0
faded,1
conform,1
el,1
application,2
3510i,0
bcm4284,0
08000776320,0
album,2
doctor,4
3uz,0
luxury,1
home,107
waking,5
ogunrinde,1
1thing,1
guitar,1
idps,1
chillaxin,1
aldrine,1
nudist,1
facebook,6
nitros,1
mobypobox734ls27yf,0
devouring,1
poly,0
stealing,1
stewartsize,0
workage,1
drizzling,1
philosophical,1
likes,3
dependents,1
09090204448,0
becausethey,0
shall,25
07781482378,0
m6,0
permission,1
opinions,1
uneventful,1
rcb,1
cam,2
forward,5
atlanta,3
vitamin,1
sw7,0
started,9
ten,10
closingdate04,0
2000,1
official,1
remembered,3
results,0
hols,1
boat,3
pretsorginta,1
chores,1
job,34
gimmi,1
career,1
psychic,0
concentrate,2
splleing,1
psychologist,1
ard,14
thru,6
gayle,1
file,3
smsservices,0
dough,1
korli,1
09058098002,0
nikiyu4,0
predicting,1
arngd,1
fever,3
66,1
nickey,1
bridgwater,1
stalking,1
ladies,1
satsgettin,1
spanish,1
doke,1
liking,1
art,1
37819,0
school,14
badly,1
lodge,1
08452810075over18,0
ar,7
mint,1
irritates,1
lotr,1
tho,11
n9dx,0
tech,2
mummy,2
ure,3
documents,1
wer,6
08712402779,0
trebles,0
80878,0
sort,6
westonzoyland,1
monos,0
brothas,2
txt,7
glass,1
kiss,19
tessy,2
hole,1
lol,53
truro,1
69866,0
shaved,1
reality,1
singing,1
sppok,0
09061743810,0
50,4
renewal,0
express,1
tag,1
weds,1
fills,2
matric,1
janarige,1
needy,1
meanwhile,4
delivery,1
wishin,2
afghanistan,1
008704050406,0
quite,21
wonders,3
box,1
3ss,0
oi,1
remembr,2
dogs,0
hows,7
pei,1
cakes,1
jstfrnd,2
status,1
jos,1
complaining,1
weird,3
08700621170150p,0
honeybee,2
favor,2
sunscreen,1
stadium,0
records,0
breeze,1
mia,1
enter,3
thinking,13
cast,0
women,2
alian,1
blood,9
expecting,3
bridge,1
coupla,1
tmrw,2
friends,35
decimal,22
inner,1
hip,4
chile,1
pale,1
applausestore,0
administrator,2
sells,2
though,17
completing,1
full,15
69696,0
heart,30
docs,2
satisfied,3
hex,1
cleared,3
chatter,0
dnot,1
stuff42moro,1
meive,1
shiny,1
caveboy,1
sheffield,2
8077,0
mist,1
best1,2
lololo,1
wear,3
exmpel,1
ave,4
writhing,1
ela,2
uup,1
mofo,1
short,7
kz,2
treat,12
04,0
else,14
booked,7
attracts,1
300,0
gossip,1
mi,1
ths,2
th,10
09063442151,0
muchxxlove,1
bus8,1
lmao,5
figure,8
muz,6
making,21
google,4
thinl,1
lib,1
lucky,9
ayn,1
hmmm,10
white,3
pmt,1
pax,1
sip,1
ko,1
cold,5
particular,1
80155,0
doesnï,2
objection,1
decision,2
nok,0
matra,1
operator,0
jia,1
outfit,1
delhi,2
nevamind,1
xclusive,0
wiv,6
vava,2
somerset,1
crisis,1
lower,2
enemies,1
subtoitles,1
sc,1
wat,77
seemed,3
dedicated,2
buttheres,1
morn,3
lifting,1
theater,1
sittin,1
accounts,1
applebees,1
gv,1
blogging,1
isnï,2
male,0
2003,0
little,18
recd,0
lives,3
constant,2
interview,4
amigos,1
smart,0
3680,0
park,8
sponsors,1
semester,7
mutations,1
09061743806,0
08,0
wesley,1
pobox84,0
gained,1
edukkukayee,1
sptv,0
coin,2
oredi,11
avatar,3
instituitions,3
reading,11
rights,1
lines,1
electricity,2
gender,0
dao,1
garage,2
province,1
formal,1
big,24
woken,1
christmas,10
arises,1
ts,0
headï,1
citylink,1
eachother,1
repent,1
drove,2
zindgi,2
annoncement,0
vehicle,1
fake,2
pl,1
hitter,1
biatch,1
rest,7
booty,1
everyones,1
shattered,1
wicked,1
½,44
haventcn,1
fan,2
frnds,11
dancin,1
areyouunique,0
ipod,0
detailed,1
bloke,2
tobacco,1
somewhere,7
thenampet,1
shame,2
sun0819,0
px3748,1
ingredients,1
returned,3
forced,1
taj,1
seconds,3
09061702893,0
poor,6
help,22
varunnathu,1
hanks,1
whom,3
perpetual,1
approaching,1
uwant,1
gnt,1
wallet,1
9,21
elaborating,1
goss,1
shhhhh,1
voice,7
seeing,10
yupz,1
l8r,3
hmm,8
listed,1
dunno,26
uncomfortable,1
avble,0
crying,1
glory,1
havenï,2
bare,1
abi,2
verified,1
locaxx,1
followed,0
choices,1
box334sk38ch,0
travel,1
0578,0
learn,4
change,18
nag,2
subletting,1
hw,4
desert,1
gotta,9
appt,3
motive,1
hasbro,1
genius,2
optout,0
shun,1
tea,4
devils,0
drugdealer,1
phones,1
three,4
sipix,0
5226,0
notebook,1
y87,0
inform,3
laughs,1
hollalater,1
nz,1
westlife,0
ahmad,4
stopped,4
help08718728876,0
seeking,1
loveme,2
oral,1
fromm,0
billion,2
yelow,1
freak,3
sales,2
mush,1
replacement,2
sent,47
refused,0
skills,0
pics,6
possible,6
belive,2
elliot,1
ocean,1
pc,1
survey,1
pai,1
brandy,2
wuldnt,1
temp,1
snowman,2
eastenders,0
voted,1
grab,1
crckt,1
netflix,1
hava,0
receipt,2
80062,0
add,5
sucks,4
raksha,1
fixedline,0
might,27
ryder,1
nigro,1
looked,1
ummmmmaah,2
thinks,4
09065069120,0
caught,3
smiled,1
titles,0
09066364589,0
s,330
perhaps,1
noiï,1
fool,2
elvis,0
sg,1
man,34
thin,1
pictures,4
dine,1
sathy,1
various,1
half,19
2kbsubject,0
fm,0
eng,0
paid,4
dresser,3
5k,0
nike,1
vomiting,1
warm,7
08717895698,0
89080,0
k,103
yr,2
oooh,2
winning,1
gon,1
½54,0
killing,2
suman,1
ystrday,1
patty,2
four,2
1mega,1
boughtï,1
087187262701,0
active,0
kalainar,1
sweatter,1
later,83
smsrewards,0
prods,0
beautiful,16
prolly,1
neway,2
handsome,1
players,2
plumbers,1
hogolo,1
no1,0
responce,3
luks,1
complain,1
fit,2
wrong,10
harish,1
witin,1
initiate,1
write,4
laughing,3
headstart,1
rolled,1
w1j6hl,0
totes,1
chrgd,0
club,0
scotch,2
sale,3
lets,11
fires,1
part,14
inlude,1
urgran,1
timi,1
shortage,2
wasted,1
palm,1
boy,19
08718738034,0
prepaid,2
dieting,1
bin,3
woohoo,1
youï,1
vibrator,1
subscriber,0
duffer,1
itwhichturnedinto,1
aboutas,1
pathaya,1
sol,0
rumour,2
msging,3
b4utele,0
simonwatson5120,0
adventure,1
dark,2
0871,0
residency,1
hopes,1
cysts,1
complaint,2
attach,1
opposed,1
replied,4
painting,2
freephone,0
prizeswith,0
yoyyooo,1
versus,1
boo,5
fucks,1
prepared,2
bubbletext,0
cst,0
cancelled,1
da,101
gauti,1
conclusion,1
margaret,1
two,23
beneath,1
crashed,1
forgiveness,1
interviw,1
athome,1
virgin,0
hen,1
become,5
having,31
products,1
146tf150p,0
08701417012,0
stalk,1
offline,1
coccooning,1
bribe,1
kl341,0
stockport,0
trash,1
83222,0
mylife,1
say,66
ages,2
harlem,1
phews,1
9996,0
forgets,2
laurie,1
20p,0
nigpun,1
update_now,0
youre,2
lifted,1
ericson,1
dem,3
frndz,1
fal,1
09050280520,0
allalo,1
or2optout,0
shocking,1
tests,3
submitting,1
mark,4
phil,1
07xxxxxxxxx,0
audrie,1
summers,0
cappuccino,2
against,8
easily,1
08717890890ï,0
08714712379,0
tryin,1
0721072,0
songs,2
enjoy,19
keeping,3
aluable,1
hold,10
potter,0
specialisation,1
150ppmsg,0
draws,0
yun,4
tackle,1
83049,0
cha,0
day,148
faggot,1
enters,1
footbl,1
645,1
wa14,0
bcoz,10
comment,1
1405,1
oic,3
86021,0
itna,1
hanuman,1
½800,0
multiply,1
avoids,1
byï,1
vale,2
immunisation,1
addie,1
06,0
6wu,0
hotel,2
09050001295,0
mittelschmertz,1
bck,1
bears,0
41685,0
2005,0
waiting,27
boyfriend,1
flyng,0
ms,2
drop,10
leftovers,1
trouser,1
txtno,0
reminder,1
am,164
another,26
stomach,2
m8,1
sup,4
randy,0
babysit,1
bros,2
kaypoh,1
gbp5,0
corrupt,1
pobox334,0
thrown,1
gonna,34
08704439680,0
housework,1
forgive,1
match,3
frank,1
fightng,3
knee,1
outgoing,0
synced,1
pm,5
velachery,1
textbook,1
latelyxxx,1
germany,0
75max,0
samus,1
people,32
arrow,0
boss,8
tactful,1
isaiah,1
wld,2
worry,22
reason,8
frens,5
½1000,0
quoting,0
hail,1
bay,3
open,9
until,16
domain,1
0844,0
09099725823,0
shadow,1
reformat,1
british,0
01223585236,0
dificult,3
jeremiah,1
flame,2
excused,1
jabo,1
whole,13
lttrs,1
science,2
swear,1
aunties,1
hasn,3
hlp,0
answer,11
kettoda,4
images,1
skip,1
channel,0
info,1
contract,2
stairs,1
rush,2
wanted,20
sachin,3
tiempo,1
caroline,1
thinked,1
7am,1
jules,1
srt,1
gent,0
private,1
guess,25
urgnt,4
20,4
09099726395,0
dined,1
testing,2
smear,1
admit,2
6months,1
usmle,1
converted,1
cd,1
basically,2
abel,1
agency,1
cheap,4
handle,1
fingers,5
original,1
scoring,0
loverboy,5
oveable,1
08719899230,0
i,2052
idea,8
child,2
nusstu,1
underdtand,1
right,67
slower,0
possessiveness,1
m95,0
das,1
0871212025016,0
7250i,0
soundtrack,0
po,2
heehee,1
brum,1
request,6
skirt,1
audition,2
spun,1
abiola,10
yours,6
nights,3
ptbo,2
combination,1
83021,0
ndship,1
hui,1
returns,3
try,30
blanket,1
taking,10
refilled,2
aiya,3
roads,3
tel,10
rajnikant,1
voila,1
jones,1
nahi,2
redeemed,0
space,4
8lb,1
texting,4
corect,1
worth,4
pouts,2
easier,4
js,1
classes,1
leh,17
3g,2
freefone,0
rt,0
videochat,0
wicklow,0
loxahatchee,2
marry,5
size,1
slightly,1
knowing,2
aunt,2
tome,1
finds,1
whose,1
trackmarque,0
thts,5
over,42
macha,1
lager,1
askin,4
kitty,1
karo,1
sight,5
miiiiiiissssssssss,1
natwest,1
sometime,1
ringtone,0
europe,1
shitinnit,1
beach,1
undrstndng,1
tablets,3
blow,1
cricketer,2
ctargg,1
2hook,1
becz,1
paper,9
lying,1
wasnï,1
own,5
½33,1
0a,0
employer,1
parkin,1
earth,3
18p,0
rael,1
99,0
err,1
wife,22
shipping,3
improve,1
ansr,0
switch,1
becaus,1
dontignore,1
08715203028,0
surprise,5
dodda,1
wtc,1
kingdom,0
hint,3
thangam,3
4txt,0
gaze,1
thuglyfe,1
hanger,1
cliff,1
hdd,1
weeks,4
reward,0
bless,2
extra,5
cc,0
bitch,3
java,0
helen,1
registration,1
troubleshooting,1
prominent,1
sorrow,1
holla,3
sha,3
entertaining,1
enemy,3
snogs,1
69669,0
tau,1
smeone,2
hurricanes,1
2hrs,1
global,0
hit,7
jide,1
bowl,4
afternon,1
meetins,0
argh,2
ji,1
death,2
everybody,3
077xxx,0
reply,34
aburo,2
him,71
some1,5
depressed,2
8007,0
subpoly,0
nokias,0
sarcastic,1
tiime,1
jobyet,1
caller,1
oooooh,1
supply,0
changed,5
concern,1
trauma,1
cheyyamo,1
snow,9
shouted,2
bam,1
refund,1
doesdiscount,1
something,46
maximum,0
erm,2
largest,0
purchase,1
go2sri,1
opportunity,4
jelly,1
buzzzz,1
pehle,1
08712317606,0
wikipedia,1
surrounded,1
pie,2
need,108
pretsovru,1
believe,11
09099726429,0
footprints,3
cream,2
jaklin,1
adult,1
08708034412,0
busty,0
shivratri,1
row,2
goal,1
slurp,1
trends,1
re,70
tons,1
owned,1
balloon,1
swiss,2
pop,1
imposed,1
crucify,1
alerts,0
gm,3
tms,0
go,165
450ppw,0
box1146,0
acnt,1
bringing,3
apples,1
slow,6
ondu,1
team,2
ideas,2
radio,2
invitation,1
hairdressers,1
lekdog,1
namous,1
cup,2
uncountable,1
sprint,1
ors,1
skilgme,0
aaniye,1
obese,1
sources,1
apologise,3
card,8
mate,9
addicted,4
2marrow,1
boyf,1
convince,1
tone,0
9th,0
model,5
waliking,1
yorge,1
gurl,1
ofice,2
08715203677,0
answr,1
kalisidare,1
150ppm,0
passion,0
½1500,0
slice,2
02072069400,0
8th,5
89693,0
aco,0
if,247
potential,2
thirunelvali,1
tooo,1
breaking,1
wrks,1
teaching,2
whether,3
rimac,1
ijust,1
sory,2
cola,0
agalla,2
html,0
classmates,1
clever,2
can,302
waitin,3
snickering,1
cook,4
sheet,1
throat,3
getsleep,1
club4,0
watts,1
appointment,4
abta,0
wotu,1
09050090044,0
taken,4
imagine,6
minapn,0
wings,0
suits,1
4403ldnw1a7rw18,0
talkin,1
cheating,1
algorithms,1
0089,0
thkin,1
lift,5
machi,1
since,18
nic,2
period,2
control,1
see,91
ything,1
cm,1
dps,0
cedar,1
village,3
confuses,1
lifpartnr,2
sux,2
limits,1
spouse,1
iccha,1
going,123
agree,2
shb,1
jjc,1
unless,5
promptly,1
wrongly,1
80608,0
ding,1
ta,5
cc100p,0
bpo,1
those,20
works,1
goodnoon,2
noun,2
speaking,2
fren,5
fri,11
hun,5
musicnews,0
words,15
strike,1
main,2
epi,1
lubly,1
byatch,1
bold2,1
stated,1
5th,3
readiness,1
will,233
gd,11
wee,1
strong,3
kisi,1
str,3
aging,1
ibh,0
sure,54
profile,1
xin,1
credit,4
fluids,1
valentines,7
txting,1
chiong,1
apologetic,1
4got,1
er,2
films,1
hearing,1
vaazhthukkal,2
12hrs,0
03,0
via,8
½75,0
crap,2
final,2
polys,0
21870000,0
postcard,2
bunch,1
affidavit,1
gonnamissu,1
nurses,1
shoulders,1
meh,6
meal,3
pool,2
sending,8
hurting,2
gage,0
croydon,0
cutter,1
logoff,1
jon,1
picsfree1,0
convincing,2
mrng,11
asusual,1
infernal,1
our,48
½d,2
ola,2
appointments,1
notixiquating,1
fed,1
lord,0
thank,23
gari,1
imin,1
sportsx,1
tissco,2
avo,1
db,1
waaaat,1
92h,0
smacks,1
tones2you,0
cashto,0
luvd,1
fainting,1
gold,1
violated,2
100p,0
ml,1
kalstiya,1
wad,1
fffff,1
weight,7
hav,20
competition,2
early,28
build,1
form,2
fone,5
never,25
hundred,2
okden,1
curtsey,1
wadebridge,1
hunting,1
predict,1
ask,58
22,1
mundhe,1
xmas,12
keris,1
kaitlyn,1
fetch,5
opps,1
aft,16
ilol,1
offc,1
type,10
exam,7
duchess,0
surely,4
studyn,1
ghodbandar,1
e14,0
sp,0
props,1
woke,8
brief,2
whenevr,3
darren,7
ploughing,1
tron,1
out,159
2nite,4
syllabus,1
legs,2
melnite,1
kills,2
gong,1
computerless,1
81151,0
figuring,1
jay,13
treated,1
naal,1
14,0
maraikara,1
123,0
lodging,1
account,18
gumby,1
cthen,1
drvgsto,0
5249,0
pears,1
mtmsg18,0
family,14
whats,11
dates,1
nobbing,1
shirt,4
exhaust,1
possession,1
virgins,0
marley,0
½m,6
lip,2
plan,19
behave,3
were,41
minmobsmore,0
prob,11
connect,2
mcfly,0
gibe,1
adam,0
luv,24
tick,3
count,2
08001950382,0
1b6a5ecef91ff9,0
sigh,1
bstfrnd,2
maga,3
hair,18
urgently,2
ring,9
flights,0
smokes,3
08448714184,0
strange,1
geting,1
1st4terms,0
grace,1
confused,2
answered,2
05,0
problems,3
30,8
bids,1
1yf,0
yijue,4
couple,9
marriage,7
exp,0
wrld,1
kaaj,1
dead,7
freaky,1
mails,2
hesitate,1
doit,0
formally,1
blue,11
09090900040,0
hide,0
project,10
08718726978,0
funky,0
praises,1
web2mobile,0
8p,0
madodu,1
arts,1
musthu,2
steam,2
dontmatter,1
7548,0
thanksgiving,2
roast,3
mmm,2
bothering,1
read,10
map,3
triumphed,1
fringe,2
transcribing,1
mix,0
durban,1
claire,1
tnc,0
falling,2
sang,0
chinnu,1
brainy,1
21st,1
burger,1
pounds,1
decide,8
69888nyt,0
college,12
relieved,1
associate,1
language,1
mad1,0
lucy,0
statement,0
dey,4
reallyneed,1
noon,11
atm,2
lotto,1
lunchtime,1
087018728737,0
f4q,0
0776xxxxxxx,0
pt2,0
stay,14
portal,1
pobox,0
hell,5
rose,5
tuition,6
detroit,0
life,55
subscriptions,0
aries,0
pants,1
bed,23
book,12
teenager,0
hi,86
oscar,1
shifad,1
linerental,0
rentl,0
ll,195
dint,3
frying,3
timings,1
heron,1
power,6
blessed,2
makiing,1
sf,0
met,9
phd,1
countin,2
08700435505150p,0
interflora,0
silently,2
dat,27
getting,38
essential,2
80082,0
vouchers,0
asking,8
banks,2
suntec,3
it,508
kusruthi,3
misbehaved,2
kiefer,0
yunny,1
250,0
mwahs,1
bao,1
30apr,0
autocorrect,1
yoga,5
romcapspam,0
ltdhelpdesk,0
practicing,1
nytho,1
god,31
hogli,1
500,0
along,0
32323,0
chinchillas,1
trivia,0
ruthful,1
landlineonly,0
lover,6
dizzee,0
bull,1
vu,0
elaine,1
calling,12
bite,3
destination,1
promises,3
dl,1
shesil,3
theirs,0
sum1,1
await,0
hr,2
registered,3
fwiw,1
oso,17
reboot,1
wo,2
clearing,2
upgrade,0
aaooooright,1
boys,0
okey,1
strewn,1
rodger,0
revealed,0
complimentary,0
practice,3
89545,0
pouch,2
airport,3
sarcasm,2
naseeb,1
153,0
proof,2
1stchoice,0
screen,3
looks,6
orc,1
east,1
offer,5
broke,2
pix,2
bak,6
honest,1
sized,1
beyond,1
mys,1
hey,70
sucker,1
funs,1
spain,1
understood,1
sips,1
issue,3
rr,1
very,55
lab,2
track,5
tis,4
opened,1
09057039994,0
doubt,1
torch,3
manage,1
acc,5
300p,0
animal,1
matched,0
prior,1
saved,3
each,3
passes,0
tee,2
doinat,1
3230,1
datebox1282essexcm61xn,0
love,149
reacting,1
08718738001,0
1120,1
lambu,1
everyboy,1
ear,1
dhina,2
supposed,7
81618,0
soul,2
slots,2
get,211
jazz,4
footy,0
newest,0
reltnship,1
sooner,3
passable,1
steps,1
bangb,0
dontplease,1
john,11
week,42
wrking,1
guaranteed,0
wasn,5
fees,1
honey,6
sofa,6
ego,1
spys,1
puttin,1
apps,3
holding,4
rite,11
ext,1
44,0
gram,3
scrappy,1
unni,1
mecause,1
monthly,2
called,22
affair,1
yep,8
haha,41
ttyl,5
start,24
ali,2
25,1
pussy,2
eruku,1
09064012160,0
mudyadhu,1
½900,0
bits,1
sts,1
fact,7
earlier,12
true,16
mini,2
telugu,2
yck,2
theory,3
before,38
cough,1
smoking,3
09066368753,0
payback,1
09066364349,0
yellow,1
80488,0
yummmm,1
evening,20
3,44
08002888812,0
computers,1
date,8
les,1
closer,3
apology,1
mobstorequiz10ppm,0
ws,2
braved,1
mine,10
claims,0
picture,2
regret,3
umma,7
elaya,1
myparents,1
shahjahan,2
cps,1
iter,1
plyr,0
ride,3
ship,1
pulling,1
08718730555,0
begin,2
comuk,0
bcum,1
ironing,1
passwords,1
both,13
indeed,1
teaches,4
released,2
140ppm,0
wants,14
about,107
09066612661,0
nange,1
alto18,0
thinkin,5
mycalls,1
option,2
09066362231,0
08450542832,0
urgent,6
tirunelvali,1
payee,2
arr,1
atten,1
valid12hrs,0
friend,24
kolathupalayam,1
certificate,1
crave,6
verify,0
imposter,1
callertune,10
pain,21
missy,1
touch,12
woods,0
play,12
head,14
weiyi,1
hav2hear,1
08719181513,0
moon,3
lobby,1
lounge,1
kanji,1
chip,1
brains,1
price,5
end,22
year,32
staff,3
frmcloud,1
w4,0
rgds,1
attached,1
whassup,1
orno,0
fourth,1
hang,2
looking,15
different,5
150ppermesssubscription,0
cooked,1
ip,1
unbelievable,2
apes,1
ringtones,0
tht,7
exciting,1
girl,20
holder,0
should,63
everything,19
de,18
ugadi,1
havbeen,1
promo,0
notice,3
river,2
lonely,2
bhaji,2
makes,17
achieve,1
datz,2
cr,1
points,3
finally,9
armand,2
prefer,3
finalise,1
amk,1
sirji,1
cry,4
fishhead,1
found,14
prospects,3
txtauction,0
08718726970,0
town,18
arng,2
09064019014,0
purse,1
85233,0
pizza,6
forth,1
xx,8
embarrassed,1
bag,6
4qf2,0
find,35
gas,8
hrishi,2
duo,1
telephone,0
charles,2
hubby,0
expired,1
grandmas,1
distract,2
vat,0
valuable,2
didn,29
filthy,0
terrific,1
dungerees,1
qlynnbv,0
shijas,2
football,1
siguviri,1
tgxxrz,0
08718720201,0
goals,0
boytoy,11
kindly,3
vipclub4u,0
900,2
zhong,1
mallika,1
imma,6
handsomes,1
delivered,0
xuhui,2
lily,0
xam,2
wah,4
email,12
1er,0
dear,77
transaction,5
80,0
pleasure,5
soonlots,1
blastin,1
weighed,1
mtalk,0
arrange,2
ipaditan,1
identifier,0
heading,2
accordin,1
getstop,0
note,2
arty,1
cant,38
raise,2
srsly,1
rock,9
hostel,4
run,18
then,167
availa,0
cheesy,1
entitled,0
exposes,1
fonin,1
train,6
checkup,1
dinero,1
packing,1
67441233,1
campus,4
lovers,2
receiving,1
available,11
cochin,2
enc,1
cat,2
word,8
pest,1
instantly,1
grr,1
or,166
bye,6
organizer,1
wit,7
abj,1
attending,1
6hrs,4
concentration,1
beneficiary,2
sky,1
49,0
burgundy,1
grins,6
spending,3
petrol,2
dabbles,1
087123002209am,0
bï,2
mouth,2
box420,0
maniac,0
07742676969,0
dads,1
emigrated,1
ktv,1
today,93
friendsare,1
kate,6
yuo,2
mat,0
62220cncl,0
and,620
weï,3
09094646899,0
jd,1
gee,5
ofsi,1
range,2
shag,0
ears,1
walked,3
2morro,0
incorrect,0
previously,0
group,5
rocks,2
anybody,5
wearing,3
84122,0
decided,10
cine,7
whenever,6
is,526
restrict,1
winner,0
occasion,1
gving,1
bill,6
mystery,1
shared,1
telly,2
howard,2
joining,2
r836,0
r,97
cuppa,1
jess,2
same,33
blah,3
wkent,0
qatar,4
ringing,1
havent,12
limited,1
watchin,1
correct,6
sian,2
overa,1
said,68
reached,5
5,37
fly,1
careful,2
waht,1
figures,2
msn,1
08709222922,0
feet,3
2years,1
tallent,1
convey,6
cheer,3
1131,0
kind,10
china,2
pure,1
want2come,1
rooms,1
deals,0
acid,1
flaked,1
stapati,1
growing,0
kids,6
headache,3
missunderstding,1
weather,5
press,10
happening,7
donyt,1
messenger,2
fantastic,2
thanx,25
games,0
bloomberg,0
flute,1
pls,80
½morrow,1
thurs,2
humans,1
dollar,1
thm,2
deeraj,1
shakespeare,1
informed,3
thatï,7
values,1
llc,0
v,38
sir,27
engin,1
nitro,1
website,3
clip,0
credited,3
anything,46
puzzles,1
fav,1
deep,7
abbey,1
probs,2
aid,1
quality,4
torrents,1
ducking,1
aint,4
remain,2
pc1323,1
whatever,11
09066350750,0
aphexï,1
jacuzzi,1
exactly,4
cliffs,1
3mins,0
speedchat,0
sooo,1
pending,2
jan,3
donno,1
version,4
good,166
2px,0
kickboxing,1
ps3,1
sick,9
wkg,2
idew,0
haf,14
asthere,1
09058094565,0
furniture,2
wk,7
69911,0
80182,0
½250k,0
hurts,4
ends,6
venugopal,1
gandhipuram,1
gone,10
09065394973,0
stores,2
dance,2
bani,1
costing,0
pence,0
shit,25
location,2
frm,9
batsman,1
created,2
doggin,0
again,44
vs,1
attitude,1
linux,1
text,48
kanagu,1
pull,1
07123456789,0
der,1
cancel,2
murdered,6
slowly,7
gower,1
9am,1
at,276
clarification,1
28th,0
deck,0
chachi,1
rs,11
grand,3
lect,9
hurt,17
11mths,0
reserves,1
ubandu,1
foot,1
pilates,3
princess,23
mobilesvary,0
senrd,1
software,2
glasgow,1
50s,1
7732584351,0
tm,2
ikno,1
apartment,8
visionsms,0
planning,5
collecting,3
poyyarikatur,1
cres,1
local,0
lux,0
banneduk,0
hanging,3
w1t1jy,0
moby,0
host,1
recieve,0
yaxxx,1
unsub,0
argument,4
how,209
wont,25
8wp,0
macho,2
agents,1
paypal,1
necessary,1
midnight,4
½5000,0
prestige,1
length,1
boost,3
escape,3
le,1
threats,2
cr01327bt,0
checked,5
meaningful,1
tear,4
seem,1
summon,1
lei,13
erupt,1
bro,3
seekers,1
rings,0
actually,23
bet,4
frnd,7
failed,2
dear1,2
grams,1
1st,8
replys150,0
cttargg,1
bid,0
fb,6
ratio,1
5wkg,1
pump,1
break,11
talks,1
pod,0
reminds,1
miss,55
stays,2
wire3,0
veggie,1
study,7
prepare,3
advise,0
sensible,1
wildlife,1
plus,12
spose,1
company,10
smiles,1
area,4
course,7
honesty,1
zogtorius,1
upload,0
dying,1
merely,1
simpler,2
hungover,1
fall,4
09058097218,0
soo,2
bike,1
150,0
121,0
network,4
required,1
listening2the,1
thing,36
king,4
washob,1
ps,2
eight,2
register,1
history,2
proverb,1
kissing,1
close,11
zoom,1
changes,1
mom,10
relation,1
style,6
½150,0
approx,1
sterling,1
spoiled,1
paru,1
la,5
drinks,2
prepayment,0
neglet,1
help08714742804,0
ultimatum,2
spot,1
astoundingly,1
stock,2
bsn,1
funeral,1
syria,1
000,0
gotbabes,0
bowls,1
arranging,1
unsubscribed,0
august,1
applying,1
men,4
dogg,1
msgrcvd18,0
wud,2
wake,19
wisheds,1
mas,4
teresa,1
relatives,1
told,33
bandages,1
joined,5
nurungu,3
retired,1
blankets,1
knickers,0
coz,17
½3,0
0871277810810,0
delay,1
needed,2
chatting,1
movietrivia,0
tmr,21
scores,1
dentist,1
others,5
carpark,1
durham,1
boggy,1
viva,1
b4,6
aust,1
wats,4
85023,0
bat,2
welcome,4
ec2a,0
not,293
trouble,5
strips,1
bishan,3
breakin,1
jod,1
jokin,2
chechi,2
ideal,2
tears,2
receivea,0
serious,5
bell,1
shrink,1
apeshit,1
omg,3
02085076972,0
welcomes,1
topic,1
b4u,0
lasting,1
soryda,2
08701752560,0
evaluation,1
½a,1
wellda,1
timing,3
fret,1
satisfy,0
st,7
drama,1
pleassssssseeeeee,1
530,3
recognise,2
glad,5
ppm,0
keys,2
rightly,1
solved,2
grandfather,1
fink,0
french,1
9pm,2
dec,1
wow,6
accumulation,1
msg,44
aproach,1
pract,1
memorable,1
burial,1
children,4
bedroom,6
multimedia,1
noisy,1
aeroplane,2
mu,12
profit,1
m8s,0
nearer,1
messed,1
maid,6
country,2
rem,2
hv9d,0
10k,0
goes,21
raji,2
bcm,0
vip,0
lock,1
hardly,2
sch,14
wildest,0
poem,2
spell,3
basketball,1
saristar,0
landline,1
monkeespeople,1
madurai,1
all,182
tease,1
surfing,4
thnq,0
weightloss,1
meeting,27
kilos,1
chat,9
mailbox,0
mother,4
enough,18
callfreefone,0
casing,1
2day,4
poboxox36504w45wq,0
racing,2
frndship,3
sar,1
bus,19
places,5
lambda,1
pandy,1
admin,1
trip,8
his,44
bash,1
stuff,24
flaky,1
corvettes,1
millions,1
abroad,0
celebrated,1
08002986030,0
stopcs,0
expert,1
alle,1
comprehensive,1
ppm150,0
doll,1
cudnt,1
spelling,1
ovulation,2
forget,12
volcanoes,1
token,1
moves,2
alone,7
videosound,0
kay,2
awesome,15
txttowin,0
coimbatore,1
ppt150x3,0
09064018838,0
ken,0
invite,3
jocks,0
nauseous,1
with,196
bars,1
claimcode,0
jordan,1
hustle,1
bcs,1
talk,30
84025,0
sophas,1
150p16,0
drinking,1
laying,1
working,22
unconscious,1
june,2
ans,6
tunde,1
aunts,2
swing,8
dry,4
cud,4
fusion,1
second,11
yest,4
sold,1
atleast,1
fantasy,0
ï,145
40gb,0
5digital,1
do,262
sweetheart,2
membership,1
nammanna,1
chef,1
mentionned,1
downloads,0
showers,1
varaya,1
regalportfolio,0
expect,4
hesitation,1
unmits,1
block,1
cared,2
dramastorm,1
personal,3
cuddled,1
07815296484,0
shldxxxx,1
obedient,1
1stone,1
se,3
middle,1
nimya,4
10am,0
july,1
costs,2
chickened,1
diff,2
directly,3
vote,1
boltblue,0
chicken,2
chk,1
sed,4
birla,3
youuuuu,1
countinlots,1
shant,1
functions,1
expires,0
lastest,0
sitll,1
provided,0
fidalfication,1
starts,5
medical,5
5wb,0
worse,3
tightly,1
american,2
hilarious,1
mb,1
88222,0
off,35
creativity,1
hadn,1
click,1
shoranur,1
canlove,1
wither,0
x29,0
edrunk,1
mfl,0
interesting,4
5p,0
crash,1
stupid,5
studdying,1
iff,1
____,2
08452810073,0
aren,2
dileep,1
blessings,1
42478,0
woould,1
herself,0
87121,0
wihtuot,1
entrepreneurs,1
korche,1
stick,2
adewale,1
paining,1
2lands,0
mus,1
clos1,2
mo,6
marine,1
perfect,3
tablet,1
1225,0
newspapers,1
downon,1
deficient,1
uï,0
8027,0
rent,8
hvae,0
sn,4
prompts,0
vegetables,3
mentioned,1
rpl,0
mid,4
webadres,1
responsible,0
fighting,3
jenxxx,1
pudunga,1
dinner,20
to,1086
pack,4
mei,1
gray,1
hum,1
9307622,0
speechless,1
faber,1
alert,0
icic,1
blogspot,1
high,4
typical,1
ana,1
arrested,5
somewhr,1
includes,1
kegger,2
happy,85
schools,2
shitstorm,1
soladha,1
doublemins,0
89105,0
join,8
south,4
upd8,0
inch,2
always,45
trips,1
despite,1
invest,2
rip,1
smidgin,1
09071517866,0
arms,3
ranjith,2
630,1
07946746291,0
matthew,0
babies,1
87070,0
less,6
x,32
porn,0
bunkers,1
09061701939,0
confirm,8
madoke,1
yet,39
panic,1
politicians,2
joking,2
uh,2
47per,1
accomodate,1
beloved,1
dena,0
hug,4
la32wu,0
whr,2
toll,3
ny,1
neither,1
eire,0
theoretically,1
heal,1
submitted,1
members,0
7250,0
fave,3
near,8
complete,3
83370,0
among,0
09061221061,0
says,18
admirer,0
5we,0
watevr,1
jo,2
yalru,1
4th,5
ours,1
bf,4
lesson,12
thy,1
jeans,2
5wq,0
dime,2
chasing,2
saying,14
definite,2
shoes,1
arsenal,0
cell,4
9153,0
liquor,1
fulfil,1
infra,1
back,89
50p,0
regretted,1
poking,1
2309,0
gin,2
windy,1
nicky,1
bleh,2
reserve,1
odalebeku,1
away,13
quiz,0
hill,2
ore,1
euro2004,0
charges,3
affections,1
smith,1
operate,1
unconsciously,1
08707509020,0
jorge,0
september,1
mahaveer,1
je,1
sake,1
dammit,1
handset,0
goto,1
inviting,0
elama,1
fuckin,2
enuff,2
dismay,1
true18,0
dnt,12
gate,1
franyxxxxx,1
drivby,1
jot,1
beehoon,1
hai,5
contacts,2
um,1
detail,1
repairs,1
oreo,2
leo,1
09061749602,0
bbc,0
neighbors,1
paragon,1
nap,2
intentions,1
wasting,1
09058097189,0
awake,3
tank,2
tell,75
08712300220,0
steed,1
mack,1
cost,10
cabin,5
08002988890,0
darlin,11
catches,1
idc,1
havin,2
clash,1
practising,1
inshah,1
muchand,1
01223585334,0
08712103738,0
begins,1
30ish,2
anyhow,1
puzzeles,1
jp,1
friday,12
09066358361,0
for,365
parents,12
drunkard,1
ow,0
prashanthettan,1
09064012103,0
wind,2
brown,1
phasing,1
groovy,1
reflection,1
4wrd,1
ibn,1
actin,1
eerulli,1
old,10
distance,1
compromised,2
wn,1
disconnect,1
hack,0
hockey,0
fullonsms,6
lovely,13
hypotheticalhuagauahahuagahyuhagga,1
buyers,1
interested,3
result,3
chain,3
cr9,0
08718725756,0
coca,0
08000407165,0
ipads,1
cali,2
journey,3
andrews,1
rich,2
romantic,3
fifth,1
quizzes,1
ibhltd,0
08000930705,0
begun,1
padhe,1
weekend,17
claypot,1
std,0
sen,4
level,1
craziest,1
mornings,1
nor,1
h,3
fujitsu,2
coming,32
afraid,2
freek,1
executive,2
accidant,1
uniform,1
beerage,1
shitin,1
witout,1
½2,0
wheel,1
depends,6
entropication,1
overtime,1
losing,2
harri,1
helpful,1
chase,1
cinema,4
lnly,0
c52,0
85069,0
breathe,2
complementary,0
living,2
callers,5
dracula,0
springs,1
tenerife,0
toledo,1
g2,0
monday,8
belligerent,1
payment,2
wendy,1
olage,1
excited,1
incredible,0
investigate,1
145,0
filled,1
egg,2
rubber,1
cnupdates,0
jokes,3
felt,12
gravity,4
ass,11
dream,5
gobi,1
wipe,1
nature,4
87066,0
instant,0
questions,5
listener,1
so,288
08712400200,0
make,57
anywhere,3
rewarding,1
non,1
experiment,1
4mths,0
taxi,2
carryin,1
under,4
situation,6
fancy,3
porridge,1
wt,1
6230,0
x49,0
connection,2
09063458130,0
asshole,1
that2worzels,1
88088,0
currently,2
befor,1
girls,9
babes,0
80122300p,0
61,1
pataistha,1
txtin,0
thought,28
mayb,4
superb,1
mite,4
cnn,1
12hours,0
gym,7
comedy,1
training,5
labor,1
thecd,1
xxxxx,1
shracomorsglsuplt,0
mt,3
practical,2
worrying,1
splendid,1
lot,25
come,164
excuses,2
pobox12n146tf150p,0
free2day,0
dict,1
across,8
½48,1
aom,0
onam,1
09058094454,0
icky,1
luvs,1
fats,1
bangbabes,0
150p,0
everyso,1
ya,42
2c,0
w,8
neva,13
que,1
chinatown,1
flim,1
city,2
workin,5
postcode,0
08704439680ts,0
digital,0
lie,4
tok,2
finance,1
links,1
dock,1
hallaq,2
lighters,1
thx,2
psychiatrist,1
kallis,7
dabooks,1
maintain,2
parco,2
sometme,1
per,12
vewy,2
aeronautics,2
urination,1
champneys,0
activate,1
let,55
box42wr29c,0
messages,9
belly,5
continue,1
paragraphs,1
sue,0
s89,0
php,0
dick,2
blown,1
wishing,7
grumpy,1
kicks,2
sib,1
learned,1
catching,3
sighs,5
0825,0
healer,1
favour,3
confirmd,1
guarantee,0
hrs,3
y,28
stop2,0
barred,1
nope,10
300603,0
4041,0
commercial,2
down,40
reflex,1
88877,0
ive,6
edge,2
hari,1
know,178
dessert,1
beggar,1
rd,2
½ï,140
evo,1
willing,5
07786200117,0
plural,1
files,4
bathe,8
gravel,0
kadeem,3
cornwall,0
guilty,2
hours,12
16,1
postal,1
ethnicity,1
nb,2
blind,0
09050000555,0
greet,2
like,165
thew,1
monster,1
throws,1
natural,3
alfie,0
daily,1
omw,6
privacy,1
that,390
09,0
bcm1896wc1n3xx,0
push,2
aunty,2
squeeeeeze,1
playing,4
by,92
600,0
ere,1
arent,2
09061701851,0
lions,0
questioned,3
noe,14
tt,4
itz,2
birds,3
bluetoothhdset,0
m,267
downloaded,0
2end,0
user,1
deepak,1
purchases,1
night,77
nervous,1
watches,1
magicalsongs,1
gn,6
battery,5
faglord,1
hittng,1
dollars,4
lies,1
gang,3
sun,12
786,0
½1250,0
meat,1
panicks,1
½s,13
yay,4
staring,1
mobile,9
31,0
performance,1
750,0
nick,0
whoever,1
cooped,1
bray,0
hectic,1
sextextuk,0
lady,6
gudni8,1
daywith,1
ericsson,1
related,1
23f,0
giggle,1
costa,0
cutest,1
thnk,6
copied,1
turn,2
87239,0
unemployed,2
bundle,0
449050000301,0
81303,0
tx,1
lara,1
house,31
canary,0
outside,11
swoop,1
equally,1
roles,1
symbol,1
7pm,1
guys,22
belovd,3
oreos,1
lionm,0
09065394514,0
breakfast,1
2exit,0
deposit,1
2814032,0
dating,0
installing,1
gona,2
pocketbabe,0
payments,1
tacos,2
disc,1
pete,5
reppurcussions,1
wifes,1
jap,1
lemme,4
punch,1
xafter,0
attractive,1
ntwk,0
impressed,1
bmw,2
officially,2
presence,0
bruce,1
5000,0
jen,3
rememberi,1
monoc,0
½79,0
fifty,1
jack,1
claim,0
4882,0
flea,1
rule,1
use,25
maruti,1
justbeen,1
97n7qp,0
envy,1
outrageous,1
j,5
anot,2
starring,1
payoh,3
½leafcutter,1
has,60
compass,1
finished,16
opinion,6
crushes,1
sundayish,1
09066660100,0
oble,1
closed,5
sleep,39
window,1
unkempt,0
malaria,1
unable,3
trains,1
invoices,1
aiyah,5
vasai,1
arm,1
brdget,1
08715705022,0
butt,3
yaxx,1
89034,0
pen,2
telephonic,1
degree,1
post,13
vivek,1
waqt,1
review,1
dirty,2
62468,0
definitely,5
accenture,1
faith,1
asap,2
brilliantly,1
unconditionally,1
authorise,1
convenience,1
childish,5
excellent,7
lesser,1
stitch,1
demand,1
wonderful,11
poo,1
lag,1
cutefrnd,2
independence,1
angry,12
emailed,1
warming,1
castor,2
girlie,1
9061100010,0
houseful,1
scratching,1
biggest,1
accommodation,0
yifeng,1
scared,3
hoping,9
08719899217,0
faster,3
rugby,1
kick,2
karaoke,0
mk45,0
gail,1
toot,2
xxxx,3
hmv1,0
phne,1
brother,9
settling,1
wish,31
rang,2
regards,3
x2,1
lingo,1
buddys,0
tata,1
late,45
exist,1
z,1
wetherspoons,1
underwear,2
fr,11
1,49
league,1
stuffed,1
ldew,0
throw,4
2price,0
2morrow,2
sea,12
itself,9
courageous,1
the4th,1
irritated,1
what,190
½harry,0
stands,1
beforehand,1
o2,0
bellearlier,1
number,44
held,1
mins,6
08712466669,0
obviously,3
onwards,2
nyt,8
wrote,0
til,18
thesedays,1
½2000,0
unspoken,1
swell,1
6ish,1
libertines,0
mutai,1
events,1
idu,1
finish,28
08006344447,0
london,1
keeps,1
meds,1
hussey,1
tree,4
lousy,3
major,2
smiling,10
place,41
ummma,1
restock,1
minuts,4
dha,1
november,0
blimey,1
voda,0
neck,1
oli,1
question,14
intend,1
energy,5
realize,1
jamz,0
buns,3
based,1
pimples,1
08712404000,0
many,36
inclusive,0
signing,2
chik,0
invnted,1
08702490080,0
ntt,0
m60,0
representative,0
green,4
cooking,4
hitman,1
cos,47
receive,5
charming,1
possibly,1
uin,1
anyplaces,1
standing,2
1000s,1
moments,2
cannot,4
rob,1
83110,0
hate,3
wkend,2
shampain,2
transfer,2
grave,1
nuerologist,1
ad,2
28,0
coveragd,1
balance,4
tlp,0
indyarocks,1
lv,1
greece,1
lk,2
flippin,1
unlimited,4
jaya,2
sentiment,1
sex,2
recovery,1
def,3
vary,0
risks,1
usc,3
sell,6
tescos,1
spoil,1
fine,35
id,14
fooled,1
prediction,1
ready,26
txt82228,0
icon,1
tiger,0
table,2
action,0
glorious,1
doing,58
golden,1
twelve,2
topped,0
salon,2
strokes,0
stamps,2
necessarily,1
shipped,1
olol,1
net,7
chaps,0
beg,1
name1,0
appendix,1
basket,1
happily,1
mc,1
premier,0
wright,1
bath,10
hg,0
stamped,0
answering,2
halloween,0
invited,6
huh,13
urself,5
021,0
side,8
expressoffer,0
desparately,1
piah,1
maggi,1
entirely,1
disturbance,1
rvx,1
birth,1
400mins,0
successfully,3
den,22
opted,1
samantha,1
remb,1
mike,1
brah,1
lancaster,1
slippers,3
knew,7
needing,1
professors,2
50perwksub,0
050703,0
being,25
callon,1
cocksuckers,1
pobox1,0
giv,1
annoying,2
1winaweek,0
almost,11
iwas,1
cried,1
walkin,1
paris,0
normally,2
sorrows,1
gudnyt,1
hire,1
keen,1
nigeria,5
behind,1
norm,1
call,169
09071512433,0
09058099801,0
jsco,0
j89,0
banter,1
homeowners,0
chance,8
toss,1
baaaaabe,1
120p,0
utter,2
handed,2
yam,1
onbus,1
soooo,1
guide,4
mistakes,1
bird,1
yeah,59
interviews,1
subscribed,0
ym,3
shortly,0
pobox365o4w45wq,0
doesn,15
09058094597,0
talents,1
bian,1
smarter,1
verifying,1
b4280703,0
deleted,3
bridal,0
exhibition,1
railway,3
mobiles,0
millers,1
acl03530150pm,0
done,35
shelves,1
praveesh,1
they,90
missing,20
call09050000327,0
fring,1
w1,0
memory,1
lots,13
xxxmobilemovieclub,0
selling,3
favourite,2
only,89
rawring,1
belongs,1
rays,4
father,12
appreciated,1
box434sk38wp150ppm18,0
09050000301,0
eg,0
minnaminunginte,3
computational,1
randomly,1
ignorant,1
thus,1
youphone,1
person,31
exeter,2
bslvyl,9
fredericksburg,1
basic,2
7oz,1
box334,0
october,1
custcare,0
condition,0
wednesday,4
d,88
rct,0
requirements,1
contact,8
laughed,2
os,2
beth,1
delicious,1
tsandcs,0
ummifying,1
bbq,1
wtf,2
display,2
sorry,116
tmorrow,1
lovin,1
quickly,3
workout,1
named,2
nanny,1
corrct,1
increments,0
casualty,1
harry,0
lead,4
tyler,3
united,0
screamed,2
aspects,1
he,160
coughing,1
twat,1
evrey,1
could,38
able,17
ending,0
return,3
celeb,0
gibbs,2
2stoptx,0
searching,4
vague,1
charlie,1
someday,1
anand,1
brings,4
wks,1
networks,0
deltomorrow,0
restaurant,2
jerry,1
philosophy,3
jolt,2
name,21
salary,4
apo,1
400,0
9ja,2
congrats,5
08712402050,0
fedex,1
fellow,1
bought,1
scream,5
lays,2
gnun,1
ls1,0
ordered,1
danger,1
signin,1
uterus,1
ho,5
goin2bed,1
pours,1
silver,1
damn,6
ccna,1
2channel,0
shortcode,0
48,1
priya,1
month,23
sth,1
lark,1
oclock,1
order,5
ambitious,1
studentfinancial,1
bit,30
vl,6
neshanth,1
students,6
photos,4
alter,1
these,10
placement,1
horniest,0
afternoon,20
soc,1
effect,1
plans,7
in,573
sam,2
pï,0
avenge,1
concentrating,1
0845,0
desparate,2
dehydration,1
interfued,1
charge,6
esplanade,2
ffffffffff,1
parchi,1
6pm,2
4w,1
lool,1
sankranti,1
sutra,1
have,325
dobby,2
checkin,1
payed,1
ls278bb,0
wthout,1
goin,15
0430,0
450p,0
teeth,1
aiyar,1
brownies,1
rto,1
musical,1
intro,3
aretaking,1
except,4
impress,1
freely,1
huai,1
govt,3
pooja,1
purpose,0
ivatte,1
strongly,1
2go,3
8714714,0
tie,1
laugh,5
meaning,3
g696ga,0
returning,1
goodnite,1
pesky,1
greatness,1
lovingly,1
ate,4
tyrone,0
wap,0
likeyour,1
police,9
outages,1
2yr,0
dislikes,3
desires,1
freezing,3
champlaxigating,1
tim,1
aï,1
conected,1
roommates,2
meant,13
shoving,1
n,103
nipost,1
field,2
dusk,1
oil,1
present,2
brighten,1
massage,1
vettam,3
taught,1
postponed,1
hills,1
ikea,2
hardest,1
added,2
please,51
½ham,1
30pp,0
improved,0
ne,2
amy,1
nowadays,2
150pm,0
of,366
5free,0
09061701444,0
3gbp,0
companion,1
fab,1
relax,2
everythin,1
como,1
angels,1
havnt,2
intha,1
hello,33
dirt,1
lifeis,1
curry,2
spoilt,1
driver,2
cuddle,1
floating,1
used,9
profiles,1
aids,1
textcomp,0
½ve,2
xxxxxxxx,1
seriously,7
completed,2
0870241182716,0
29,0
calicut,1
division,2
oni,3
evng,4
borrow,2
login,2
sitter,1
transferred,0
praying,2
responding,2
tue,1
min,17
000pes,1
0quit,1
seen,6
nasty,1
establish,1
struggling,1
wan2,0
fear,3
escalator,1
souveniers,1
flow,1
hf8,0
tune,0
448712404000,0
building,2
cousin,1
gotten,2
nus,2
smth,7
09066382422,0
blank,4
instructions,0
atlast,1
desperate,1
2nhite,1
pobox12n146tf15,0
long,30
nydc,2
youi,1
turns,5
hunks,0
traditions,1
march,10
hon,3
although,1
name2,0
med,0
fights,1
driving,13
semi,1
gud,43
gets,8
en,2
½ll,4
08718727868,0
toothpaste,1
m26,0
feb,3
09050000878,0
best,30
may,32
updat,1
ibuprofens,1
determined,1
whore,1
447801259231,0
2morow,1
ias,2
bootydelious,0
imagination,1
happens,5
reservations,1
hsbc,1
pose,1
bfore,1
bettr,1
box326,0
section,1
booking,1
owo,1
national,0
impressively,1
didnt,18
nosy,1
reminded,1
olowoyey,1
85222,0
even,40
hall,1
offers,1
frndshp,1
fill,3
dd,1
drum,1
effects,1
cancer,3
needs,10
costumes,1
ground,1
tcs,0
season,4
biz,0
necesity,1
box385,0
ref,0
sd,1
networking,2
gifts,1
9yt,0
vegas,2
ente,1
ello,1
safety,1
rebtel,1
ì¼1,0
ago,9
textoperator,0
show,13
dlf,1
intelligent,3
days,22
expression,1
sometimes,8
india,10
dippeditinadew,1
kudi,2
youwanna,1
yourjob,1
alternative,1
½71,0
hand,11
cl,1
wylie,1
blonde,0
08702840625,0
fastest,0
annie,1
dob,0
story,15
b,49
ihave,1
envelope,4
wamma,0
08002986906,0
calm,1
outl8r,1
09111030116,0
0870753331018,0
ned,2
50pm,0
ahold,1
40,0
safe,8
replacing,1
tul,1
savamob,0
galileo,1
licks,2
sunday,11
potato,2
drivin,2
smartcall,0
mahal,2
fishrman,1
fans,0
package,2
church,3
unhappiness,1
rgent,0
spaces,1
ugh,11
tenants,0
walsall,1
senthil,2
mth,0
board,1
150ppmpobox10183bhamb64xe,0
allowed,1
costï,0
reserved,1
director,1
jaykwon,1
23g,0
odi,2
killed,2
avalarr,1
west,1
xxxxxxx,1
fifa,0
warned,1
recorded,1
slap,3
tlk,2
facts,1
totally,3
develop,2
stoptxtstopï,0
picked,3
ve,61
jesus,4
nt,15
skins,0
olympics,0
immediately,5
bend,1
rather,5
box403,0
twenty,1
lou,1
munsters,0
realizes,1
standard,0
dai,2
taste,2
frog,0
sh,2
andros,2
weak,4
svc,0
cttergg,1
sim,2
server,1
mindset,1
gettin,7
transfred,1
expensive,1
merememberin,1
wavering,1
wizzle,1
its,147
pretty,8
schedule,2
flirt,3
dr,2
illspeak,1
anniversary,2
madstini,1
buffet,2
07090298926,0
woul,1
credits,0
cab,1
thasa,1
pairs,1
twittering,1
08000938767,0
isn,9
leadership,0
yummy,2
swtheart,2
nitz,1
gal,5
shot,2
sary,2
4u,4
mumtaz,4
pieces,3
supports,1
stdtxtrate,0
fault,7
joanna,1
soft,3
grown,1
financial,1
cust,0
u4,0
mag,1
roses,0
chez,1
afford,1
piece,2
boston,3
08707808226,0
lul,1
rules,1
logos,0
sack,1
doesnt,6
edison,1
26th,1
getiing,1
log,7
onum,1
0,0
hyde,2
09050000928,0
suggest,3
swimsuit,1
ifink,1
matches,0
reffering,1
nearly,2
suganya,1
outdoors,1
foundurself,1
30pm,1
fundamentals,1
2waxsto,1
gaytextbuddy,0
super,3
sugar,3
class,36
advice,2
spatula,1
message,45
library,8
09050003091,0
adi,1
co,1
liao,23
me,538
amla,1
wisdom,2
t,253
around,44
fireplace,1
sdryb8i,1
nagar,1
09064019788,0
jackpot,0
joys,1
stifled,1
leonardo,1
tv,21
18,0
organise,1
earning,1
vargu,1
hiding,1
2006,0
faggy,1
flying,1
wondarfull,1
rejected,1
nite,11
starwars3,0
ctla,1
nit,2
urgoin,1
notifications,0
xxxxxx,0
sonathaya,1
lennon,1
large,0
juz,15
missed,15
spontaneously,1
discount,0
web,0
minmoremobsemspobox45po139wa,0
scorable,1
february,4
m221bp,0
amrita,1
rwm,0
7th,3
wil,10
ni8,7
prakesh,1
maretare,1
strtd,1
mean,14
spile,1
passport,1
athletic,1
busy,16
08719181503,0
lakhs,1
misplaced,1
dust,1
vaguely,1
yowifes,1
lt,241
chg,0
audrey,2
sends,2
sorta,1
sleeps,1
wall,1
31p,0
200p,0
4msgs,0
bang,2
okay,20
take,78
jackson,1
tension,1
chgs,0
din,6
starting,3
lane,1
wed,4
christians,1
thanks,40
knows,8
coping,1
sambar,1
cheese,2
dimension,1
69888,0
filthyguys,0
moved,3
stops,1
gloucesterroad,1
uncles,3
every1,1
stop,26
3miles,1
c,49
tonights,0
1000,0
everyone,13
simple,12
yar,10
mids,2
phone750,0
protect,1
trying,17
shake,1
gpu,2
6th,3
pokkiri,1
frosty,1
recycling,1
guy,18
08706091795,0
fals,1
hahaha,1
100percent,0
hook,5
dane,1
lkpobox177hp51fl,0
easy,11
finn,1
planned,1
lovable,9
neighbour,3
stream,0
apparently,3
28thfeb,0
lar,27
nd,2
openin,1
cheek,1
bec,2
heavy,6
into,22
macs,1
cer,1
last,41
pple,4
upgrdcentre,0
popping,1
08717168528,0
ldnw15h,0
shaking,1
paracetamol,1
covers,2
10,11
baby,19
moji,3
alwa,1
nasdaq,0
locations,0
mmsto,0
yuou,1
requests,2
6days,0
l8rs,1
slo,0
prix,1
yogasana,5
rofl,2
ru,4
minecraft,1
solve,4
wahala,1
1680,1
ros,1
tomarrow,2
touched,2
jenny,2
eppolum,1
plz,20
terrorist,1
expiry,0
weaknesses,1
reaction,2
phb1,0
celebrations,1
everywhere,1
1pm,1
up,205
lasagna,1
4,128
page,5
realized,1
deliver,2
mood,5
cantdo,1
hundreds,1
½t,19
steering,1
worlds,1
reverse,1
wet,3
readers,0
82050,0
jez,1
few,33
honeymoon,1
avent,3
½1million,0
hor,1
sms,12
addamsfa,0
945,1
lovejen,2
½braindanceï,1
deserve,1
personality,3
hypertension,1
hero,1
alrite,7
strain,1
hunny,4
4the,1
speed,2
arcade,0
matrix3,0
wishes,6
smoke,16
consider,2
fifteen,3
inr,2
boye,3
otherwise,9
texted,1
cereals,1
unbreakable,0
panren,1
lap,1
prize,0
community,1
played,1
kerala,4
sac,1
watching,23
lifetime,1
air,6
drive,10
finishes,3
hugs,1
bites,1
09065989182,0
41782,0
workand,1
chosen,0
appropriate,1
dumb,1
sayy,1
askd,11
describe,1
uv,1
money,44
running,4
wherevr,1
wedding,0
subscriptn3gbp,0
stoners,1
rp176781,0
conserve,1
exercise,1
65,2
bk,2
once,28
melody,1
exams,2
nuclear,1
monkey,1
bajarangabali,1
social,3
specific,1
accidentally,2
airtel,1
above,1
buy,42
wheellock,1
bcmsfwc1n3xx,0
wherever,2
numbers,2
b4190604,0
9ae,0
base,1
juan,2
occupied,1
endof,1
bags,1
m263uz,0
disappeared,1
slob,1
anti,3
tattoos,0
regarding,2
box177,0
prince,1
dwn,1
rupaul,1
involve,1
ava,1
want,112
concert,0
closes,2
fa,0
occupy,1
kama,1
sry,1
auntie,1
bhayandar,1
u2moro,1
tool,2
multis,1
l8tr,2
2moro,1
coaxing,1
game,8
mmmmmm,1
carlie,0
rg21,0
professional,0
line,6
cheat,1
forgiven,2
miracle,6
lightly,1
amazing,1
innings,2
unsold,4
ubi,3
spoke,5
3aj,0
removed,1
cultures,1
hmv,0
pile,1
term,2
visiting,1
cares,2
diamonds,2
useful,2
vomitin,1
picking,10
twins,1
mode,7
2mwen,1
configure,1
shopping,13
concerned,1
posted,4
yen,1
pickle,2
robs,1
sat,22
putting,5
mila,0
confidence,6
round,4
nora,1
leave,35
zyada,1
thk,36
doin,8
basq,1
09061104276,0
petey,2
showed,1
resume,1
ke,1
theres,1
doubles,0
market,1
sensitive,1
scary,2
gods,1
sapna,1
novelty,1
sink,1
08712400603,0
reunion,1
worthless,1
raj,1
gift,6
dependable,1
difference,1
txtstar,0
helpline,0
usually,5
disturbing,1
cut,10
brought,1
air1,1
blessing,2
dressed,2
hudgi,1
shade,1
car,30
move,9
won,13
jada,3
recent,0
cuck,1
mojibiola,1
gep,1
voucher,0
08712402972,0
camcorder,0
sis,13
cutie,1
invaders,0
phoenix,0
stopbcm,0
hop,7
top,5
jurong,1
w14rg,0
crashing,1
69855,0
phoned,1
pub,9
insects,1
spiffing,1
song,8
honestly,1
bookmark,0
fudge,1
charged,0
ignore,3
cash,8
studio,1
business,1
star,0
69969,0
elsewhere,3
com,14
bx420,0
january,5
hopeful,1
sore,3
companies,0
sonetimes,1
mathe,1
bras,1
bugis,6
calld,2
bluff,2
08712405022,0
morning,62
brainless,1
helloooo,1
activities,1
kid,1
rinu,1
bathroom,1
wild,0
nver,1
80160,0
07880867867,0
mone,1
score,2
tahan,2
dozens,0
pierre,1
secret,4
mathematics,1
url,3
congratulations,1
door,6
several,1
just,210
hm,2
oh,75
safely,1
kent,2
sounds,11
mind,33
bedbut,1
reg,1
dad,16
burning,2
k52,0
skyped,2
5min,2
granted,1
using,4
subs16,0
canada,2
nothing,24
4get,2
suite342,0
rec,1
gifted,1
followin,1
directors,1
1hr,2
support,5
nearby,1
atrocious,1
reslove,1
playng,1
mmmm,3
don,110
laid,0
hillsborough,1
orchard,7
weaseling,1
showing,7
loses,2
further,1
urmom,1
ex,6
pocy,1
chances,0
shd,5
venaam,1
88600,0
ice,7
batchlor,1
remixed,1
breathe1,0
o,14
0870,0
ability,2
ques,1
tells,2
understanding,2
buyer,1
differ,2
insha,1
woman,3
busetop,1
together,12
downs,1
087016248,0
subscribe,0
grief,1
0870141701216,0
na,11
person2die,1
rightio,1
lyfu,2
finishing,3
maangalyam,2
satanic,1
0800,0
169,0
hear,21
tscs,0
body,5
highest,0
smiley,1
lecture,4
tmorow,1
bills,1
rise,1
copy,7
provider,1
glo,1
taxt,1
married,5
challenge,1
tonight,33
quick,5
room,27
vatian,0
northampton,1
set,13
worried,9
goggles,1
crickiting,1
breather,1
poet,1
accident,1
ofï,0
½1,0
promotion,0
ertini,1
sweets,2
sweetie,2
more,51
eurodisinc,0
09053750005,0
snake,3
quiet,1
feelingood,1
yetty,1
bloody,2
dang,1
mobsi,0
rowdy,1
08700469649,0
tones,0
uptown,0
biro,1
idiot,1
put,21
hanumanji,1
ishtamayoo,1
their,8
4a,2
carlos,14
burnt,1
hangin,1
goodies,0
hope,71
fix,3
ful,2
sheets,3
buses,2
weddin,1
tot,11
guesses,1
really,58
wrk,2
toa,3
6ph,1
tosend,1
ams,1
0125698789,1
leona,4
italian,3
necessity,1
threw,1
monkeys,2
wait,49
505060,0
somewheresomeone,1
itï,3
forwarded,4
allah,2
fire,1
blog,1
dvd,1
appeal,1
iscoming,1
yavnt,1
330,1
video,1
catch,8
hes,2
crucial,1
buzy,3
auto,1
siva,1
ee,2
rtm,1
slide,0
secretly,0
box97n7qp,0
goodevening,1
was,142
someone,37
toughest,2
dun,37
pos,1
praps,1
gf,2
does,25
caring,2
ba,2
nosh,1
considering,2
astne,1
personally,1
choose,6
intrepid,1
free,40
1im,1
forevr,2
hopefully,4
tuesday,5
accordingly,2
maaaan,1
surya,1
misscall,1
dismissial,1
anal,1
fps,1
blocked,1
rally,0
cause,14
gotany,1
ovarian,1
test,15
bleak,1
dats,1
search,13
parachute,1
content,1
14thmarch,0
pattern,1
argue,2
cnl,0
dont,98
housing,1
542,0
advising,1
made,23
mac,2
realy,5
box61,0
eh,8
prices,1
food,17
½350,0
½ûªt,1
chest,1
xxxxxxxxxxxxxx,1
fathima,2
87131,0
maxï,0
391784,0
alright,19
alwys,3
steamboat,1
there,160
anyone,13
usual,8
114,0
items,1
thia,1
english,3
2wt,0
horo,0
ups,1
rounds,1
02,0
gap,3
lookatme,0
bahamas,0
cosign,1
nav,1
nevering,1
simulate,1
traveling,1
ymca,0
news,7
marrge,1
amount,1
thread,2
korte,1
slovely,1
yhl,0
daaaaa,1
09063440451,0
easiest,1
significance,1
screwd,1
entire,1
tues,2
fox,1
ey,2
supreme,1
raping,1
mrt,5
nobody,7
selection,0
index,0
shaping,1
50gbp,0
skype,2
poker,1
retrieve,0
mths,0
embarassed,4
subscription,0
ur,167
assume,3
witot,1
edition,1
wondar,1
went,49
latr,4
refreshed,1
contents,2
cld,1
ah,26
sunroof,1
dropped,3
someplace,1
wrnog,1
luck,3
tirupur,2
mf,0
broad,1
sunny,3
horrible,3
sexy,9
shagged,0
telling,11
webpage,1
kg,2
finding,1
snoring,1
spl,4
½_,97
quote,3
eyes,6
derek,3
trainners,1
explain,4
gbp,0
eighth,1
upping,1
zaher,1
everyday,2
shell,1
cheers,4
years,9
through,9
peace,3
habba,1
creepy,2
successful,2
saucy,0
yeh,2
ls15hb,0
88066,0
08718711108,0
well,79
previews,1
rply,5
11,5
voicemail,0
28days,0
konw,1
dosomething,1
matters,1
sariyag,1
yetunde,4
format,1
imf,1
self,3
arul,1
pases,1
kidding,2
fair,2
music,2
charity,0
60p,0
80086,0
gardener,3
nan,2
greeting,1
overheating,1
thriller,1
evrydy,1
panasonic,0
1146,0
surprised,3
movie,14
himself,1
5ish,1
shinco,0
preschoolco,1
anythingtomorrow,1
site,3
defo,1
hospital,4
morphine,1
experience,6
revision,2
taxless,1
kinda,7
birthdate,1
nxt,4
swap,0
property,1
complexities,1
technologies,1
moseley,1
selfish,1
kittum,1
donï,10
resend,1
txts,0
inside,4
maps,1
korean,1
½it,0
processed,1
miles,1
cloth,1
mr,7
riley,1
empty,10
individual,2
sayin,1
gdeve,1
incomm,1
tunji,1
straight,4
cdgt,0
axis,1
other,30
forwarding,1
formatting,1
max6,0
hogidhe,1
clark,2
shining,1
bambling,1
bsnl,1
owe,1
conducts,2
09058095107,0
box95qu,0
grahmbell,1
speciale,0
flies,1
problem,23
peaceful,2
erode,1
world,28
howdy,1
daddy,6
shock,1
3d,4
dis,19
alive,2
cal,5
loving,11
07090201529,0
warning,1
howu,1
from,109
messaging,0
download,9
argentina,1
stomps,2
forfeit,1
blanked,1
bakra,1
200,0
lvblefrnd,2
plaid,1
ba128nnfwfly150ppm,0
an,67
swatch,1
dearer,3
08718726971,0
stretch,1
text82228,0
taylor,2
09061701461,0
land,0
scenery,1
probthat,1
newsletter,0
ab,0
online,18
avoiding,1
bigger,3
mmmmm,2
dog,3
starshine,1
also,52
bucks,4
lazy,7
jsut,1
naked,5
burn,1
tarot,0
anyways,4
papers,1
oyea,1
cro1327,0
jeetey,1
2getha,1
whilltake,1
recently,4
wrc,0
drunk,2
08704050406,0
difficulties,1
speak,18
lik,2
temper,1
inspection,1
james,1
kicchu,1
where,89
videophones,0
textin,1
09058094594,0
took,17
selected,3
errors,1
flowing,2
crazy,8
sign,3
a30,1
dose,1
leanne,1
thekingshead,1
alot,1
dignity,3
wahay,1
tex,1
oru,4
doctors,1
amongst,2
http,0
calls,10
toshiba,1
send,98
burrito,1
4jx,0
t4get2text,1
sacked,1
happier,1
water,6
unusual,1
follow,1
explosive,0
developer,1
nutter,1
hee,10
warranty,0
mk17,0
paths,1
than,25
anthony,2
nah,9
juicy,1
newquay,1
pic,5
age,3
08718730666,0
okmail,0
upto,1
specially,0
toxic,0
halla,1
spark,1
0870737910216yrs,0
backdoor,0
tiwary,2
3pound,0
announced,1
del,1
grl,4
buzz,7
atural,1
prayers,1
ditto,1
pig,2
seven,2
laxinorficated,1
derp,1
08719180248,0
drops,1
goodnight,5
gentleman,3
console,0
award,1
wanting,2
reach,20
annoyin,1
knw,9
such,1
theyre,1
stopsms,0
shut,1
six,1
smsco,0
tonite,8
bank,9
forum,2
regular,2
packs,0
teasing,5
cstore,1
ones,4
maybe,23
tariffs,0
clocks,1
lapdancer,0
deduct,1
icmb3cktz8r7,0
irene,1
cleaning,3
sae,0
wesleys,1
bhaskar,1
them,59
11pm,0
07821230901,0
a,748
often,3
outstanding,2
neo69,0
2stop,0
ramaduth,1
weekly,0
soup,1
partner,0
3030,0
foreign,2
advance,7
every,30
evenings,1
act,1
phone,53
cartons,1
happenin,1
xy,4
this,181
wined,1
goodmorning,14
08701237397,0
tape,2
themed,1
loans,1
telphone,1
2stoptxt,0
stocked,1
tough,6
09058094599,0
position,2
gamestar,0
cross,1
½llspeak,1
occur,1
dreams,12
disclose,2
dot,1
eat,27
response,1
left,23
ctter,1
restocked,1
tarpon,1
drink,10
colours,1
abeg,1
sochte,1
reveal,0
infront,1
09066358152,0
82242,0
kvb,1
innu,1
ipad,1
sunoco,1
smokin,1
embassy,1
creative,1
arabian,1
vomit,2
machines,1
pillows,1
mon,6
truffles,2
sad,14
key,3
collected,1
weirdy,1
respect,4
aka,2
9755,0
tomeandsaid,1
grinule,1
walmart,2
4my,1
heï,1
promise,8
teju,1
hp,1
yarasu,2
2rcv,0
g,11
expected,1
3xï,0
pavanaputra,1
vpod,0
darlings,1
aig,1
nighters,1
cum,6
12mths,0
marsms,0
stop2stop,0
ringtoneking,0
weddingfriend,0
propose,1
usher,0
hppnss,1
hep,1
password,3
lunch,32
ha,10
cheetos,1
propsd,1
meow,2
remove,4
stuck,1
goods,1
tui,1
srs,1
sexual,0
3650,0
pros,1
seh,1
pap,1
ternal,1
force,3
crack,2
floor,3
understand,7
hunt,1
fixed,5
biola,1
disasters,1
tortilla,2
prem,0
okie,14
talked,1
front,1
cool,25
woozles,1
kano,4
arguments,1
point,11
summer,1
dogbreath,1
09050000460,0
rstm,0
sounding,1
wen,16
husband,2
shouting,1
bettersn,1
msg150p,0
ldn,0
soundï,1
discussed,1
ie,1
clock,4
disk,1
comingdown,1
remains,2
settle,3
fuck,20
reasons,2
new,45
scallies,0
throwing,1
jungle,1
marketing,0
turned,1
goodo,2
curious,2
beta,1
20m12aq,0
pass,7
usa,0
slaaaaave,1
decking,1
maturity,1
nordstrom,1
elephant,1
kept,3
app,1
www,1
himso,1
nalla,2
terry,1
creep,1
minus,1
sabarish,1
350,0
important,8
stereophonics,0
include,1
fraction,0
08712405020,0
loads,10
rajini,1
stayin,2
burns,0
hot,5
takes,8
447797706009,0
09065989180,0
yes,58
internet,2
83332,0
photo,3
tscs087147403231winawk,0
joy,11
09066368327,0
oranges,0
unfolds,1
08715500022,0
timin,1
ax,1
significant,1
flower,2
ph,0
westshore,1
planet,1
urn,4
mandan,2
08714714011,0
walkabout,1
george,0
doug,1
doggy,3
frnt,1
practicum,1
enjoyin,1
21,1
86688,0
al,8
44345,0
wouldn,2
kavalan,1
hotmail,1
chad,1
spirit,1
dryer,1
phyhcmk,1
impatient,2
max10mins,0
tootsie,1
japanese,1
mymoby,0
mad,2
bruv,1
ridden,1
jolly,1
billed,0
82277,0
swt,3
tampa,6
ag,0
anytime,2
09065174042,0
wanna,21
connections,1
09701213186,0
fantasies,0
couldn,4
foley,0
noncomittal,1
statements,1
07,0
brin,1
samachara,1
2nd,7
great,77
suzy,1
easter,1
connected,0
69876,0
means,19
tolerat,1
stubborn,1
responsibility,2
check,29
pleasant,1
logo,0
stool,1
actor,2
minutes,21
machan,2
movies,7
523,0
feels,10
wot,15
yo,28
69698,0
ebay,2
tired,10
narcotics,1
quit,4
beers,1
paranoid,1
tall,1
artists,0
½7,0
asjesus,0
mall,1
happen,16
allo,1
matter,5
difficult,8
08714712388,0
pobox114,0
accomodations,1
yor,1
light,11
things,34
dawns,1
930,2
adults,1
lucozade,0
poured,1
o2fwd,0
presents,1
6,28
wkly,0
reliant,1
plaza,2
jiayin,1
09050005321,0
ibm,1
sura,4
chillin,2
cloud,1
notified,0
08712400602450p,0
cafe,4
famous,1
macedonia,0
deciding,2
teacher,3
times,19
bad,19
violence,1
½ûªve,0
wine,7
rodds1,0
transfered,2
aha,2
lessons,7
txtx,0
hospitals,2
normal,7
black,7
09065171142,0
sorts,1
manual,1
shy,2
mates,0
fruit,1
2007,0
ouch,1
downstem,1
breadstick,1
nat,0
chocolate,1
sunshine,1
xavier,3
murder,6
instead,4
randomlly,1
pockets,1
thats,26
headin,2
kidz,3
disconnected,1
sinco,2
alibi,1
priority,1
settings,1
pert,1
stripes,1
listen,6
ticket,5
bollox,1
permissions,1
yourself,16
zed,0
cardiff,1
prabha,2
oblisingately,1
brownie,1
one,111
cashed,1
wonder,9
tried,4
sliding,1
sindu,1
arrived,1
ben,2
ache,3
data,1
fran,3
buen,1
loud,2
taxes,1
stand,5
consensus,1
ami,1
folks,0
redeemable,0
ppl,4
mel,2
stayed,1
law,1
visitor,1
raised,1
help08700621170150p,0
placed,1
because,25
nookii,0
½50,1
walking,4
outta,1
fixes,1
win150ppmx3age16,0
slowing,1
callcost,0
paying,6
textpod,0
cts,1
bc,1
waste,5
exterminator,1
si,3
frauds,2
center,2
m39m51,0
either,9
mcat,2
categories,1
oath,1
geeeee,1
alaipayuthe,2
missionary,1
wlcome,1
vday,2
prey,2
gentle,1
oz,1
accept,7
bein,2
queen,3
bored,12
bakrid,1
thedailydraw,0
frndsship,1
stereo,1
chennai,12
weed,8
purity,3
hotels,0
jason,1
presleys,0
without,20
2004,0
excuse,5
2nights,0
hl,0
0207,0
velly,1
1205,1
office,23
6031,0
09096102316,0
08452810071,0
battle,1
needa,1
unclaimed,0
cheque,1
dorm,2
shudvetold,1
lingerie,0
inst,1
2optout,0
spreadsheet,1
gr8fun,1
½100,0
gbp1,0
hoped,2
69200,0
copies,1
wrecked,1
e,63
crazyin,0
face,10
t91,0
racal,0
double,5
sonyericsson,0
gaps,2
address,11
letter,3
boring,4
reckon,1
coffee,6
reaching,3
entry41,0
dt,1
gave,6
tap,1
blackberry,3
blu,0
mobcudb,0
mm,8
2u,1
326,0
fucking,10
87021,0
ki,1
hurry,4
reset,1
chart,0
nichols,1
moment,6
service,1
doors,2
heard,6
msgs,7
werethe,1
granite,0
reache,1
abnormally,1
peeps,1
pray,6
dedicate,2
trav,0
dare,2
babe,49
fetching,1
tol,1
loyalty,0
pookie,1
problematic,1
1x150p,0
challenging,1
09061209465,0
problum,1
batt,1
sayhey,1
be,243
mtmsgrcvd18,0
730,1
inconsiderate,2
horse,1
½150pw,0
3qxj9,0
spent,7
hme,1
84128,0
w111wx,0
eerie,0
leaving,12
ron,4
urfeeling,1
showered,1
magical,3
diddy,1
iwana,1
renting,1
p,6
bcums,4
indians,2
feng,1
stylish,3
age23,0
moan,4
management,3
pongal,4
trade,2
forgotten,1
cuz,6
thankyou,1
johnï,1
modl,1
math,2
case,13
1da,0
pura,1
6missed,1
completely,5
slept,3
classic,0
08717898035,0
wml,0
colleg,1
spk,4
series,4
220cm2,0
mornin,1
swimming,2
locks,1
source,2
walls,3
0871277810910p,0
iq,3
deal,7
cake,6
arguing,1
positions,1
anyway,14
everytime,1
newscaster,1
magic,1
prasad,1
vijay,4
85,0
party,11
95,1
½250,0
barolla,1
simply,2
yeesh,1
ham,1
tncs,0
09111032124,0
ghost,0
compare,0
cuddling,2
fond,1
ofstuff,1
islands,1
morefrmmob,0
va,1
09065069154,0
meetin,2
tomo,14
tc,2
