13542,0.13300871348026652
soon,2
mtmsg,2
tiring,0
pole,1
eve,3
ak,0
txt43,1
prabu,0
lifebook,0
27,2
gua,0
eggs,0
repair,0
bristol,0
twinks,1
45pm,0
aight,0
ollu,0
xoxo,0
auction,10
cage,0
conacted,1
box245c2150pm,1
dancce,0
traffic,0
gals,0
divorce,1
pa,0
pan,0
most,1
installation,0
nino,0
systems,0
legal,0
cartoon,0
minute,4
alex,0
dialogue,0
dice,0
sport,4
code,17
uncle,0
purple,0
truck,0
tor,0
iouri,0
asp,1
maximize,6
icicibank,0
usf,0
wun,0
iï,0
remembrs,0
necklace,0
needle,0
banned,1
names,2
ralphs,0
petticoatdreams,1
hour,0
sculpture,0
comes,2
died,0
computer,1
choice,3
untamed,1
pg,1
vikky,0
ultimately,0
nvm,0
partnership,0
snatch,0
weakness,0
carefully,0
your,170
styling,0
08715203694,1
asus,0
lined,0
funny,0
thursday,0
punish,0
imprtant,0
wipro,0
strict,0
replying,4
dancing,0
pthis,0
dhanush,0
csbcm4235wc1n3xx,2
83600,4
arithmetic,0
trial,1
refunded,1
dartboard,1
list,0
image,0
chill,0
opening,0
fondly,0
merry,0
1956669,3
twilight,2
scarcasim,0
pleased,3
agent,1
bx,1
sub,8
prone,0
irritating,0
cruisin,0
emc1,1
punj,0
die,0
supervisor,0
unjalur,0
posh,1
evil,0
delayed,0
sao,0
½50award,1
feathery,0
2gthr,0
650,0
guild,0
maneesha,0
huiming,0
515,0
appear,0
apart,0
hearted,0
asleep,0
premium,1
suppliers,1
appreciate,0
plumbing,0
img,1
tddnewsletter,1
tonght,0
vibrate,0
bac,0
2docd,0
24m,1
thgt,0
polyc,1
grateful,0
dooms,0
particularly,0
street,1
toppoly,1
interest,0
listn,0
anymore,0
draw,30
preferably,0
rice,0
mee,0
rub,0
1843,0
4few,0
chuckin,0
neville,0
girlfrnd,0
offered,0
3rd,0
baig,0
armenia,0
drug,0
ew,0
information,3
havebeen,0
on,105
minimum,0
spree,5
fml,2
tp,0
technical,0
hamster,0
imp,0
rounder,0
goodfriend,0
serving,0
menu,1
algarve,2
87077,5
84,1
celebrate,0
seventeen,0
the,142
jobs,0
betta,0
cock,0
patent,0
sk38xh,3
com1win150ppmx3age16,3
skillgame,2
barcelona,0
69988,1
dude,0
no,45
crammed,0
sherawat,0
hence,0
modules,0
saw,0
themob,4
thanks2,0
causes,0
eye,1
tulip,2
plum,0
friendships,0
thepub,0
loved,0
im,4
09058091854,1
printed,0
laundry,0
bloo,0
wave,2
recharged,0
coat,0
role,0
w45wq,4
08718727870,4
em,1
di,0
waheed,0
jamster,3
staying,0
steal,0
jog,0
gopalettan,0
pretend,0
textand,1
xxuk,1
antha,0
holy,0
cars,0
generally,0
gbp4,1
neglect,0
liked,0
220,1
dave,2
anjola,0
colour,11
low,1
sankatmochan,0
motorola,8
cozy,0
½4,2
extreme,1
hol,1
intention,0
breath,1
cruise,2
didntgive,0
recession,0
tb,1
½day,0
divert,0
salam,0
rental,6
tayseer,0
dramatic,0
adore,0
ac,7
calculated,0
who,36
cutting,0
bathing,0
chikku,0
8am,0
howda,0
10ppm,1
up4,0
4719,1
parts,0
meets,0
dictionary,0
promised,1
twice,0
as,23
09058094455,1
rum,0
direct,8
ay,0
suite,0
offering,1
tookplace,0
otside,0
somewhat,0
access,4
asked,3
poop,0
bookshelf,0
ashley,0
hhahhaahahah,0
9t,0
thousands,1
81010,1
letters,0
matured,0
½rents,0
in2,0
live,23
pressies,0
drms,0
greetings,0
sitting,0
charts,1
82324,1
gay,4
buff,0
resolution,0
upset,0
euro,2
yan,0
2i,0
removal,1
eh74rr,1
consistently,0
18yrs,2
lacking,0
visitors,0
saeed,0
2wks,0
compulsory,0
function,0
7mp,1
browse,1
jst,1
my,10
nte,0
egbon,0
us,6
goodtime,0
junna,0
gently,0
tom,1
wondering,0
random,0
within,4
much,1
nos,1
fun,7
yesterday,2
specialise,0
converter,0
sef,0
dhoni,0
nvq,0
4give,0
pay,1
update,11
hiya,0
allow,1
talking,0
types,1
firefox,0
none,0
tomorro,0
apt,0
loko,0
engalnd,0
lov,0
tkts,4
08081263000,1
we,36
wc1n3xx,3
ibiza,2
freedom,0
3lp,3
barely,0
dent,0
incident,0
espe,0
q,4
hv,0
temple,0
cougar,0
arrive,5
4742,2
sugardad,0
printer,0
apnt,0
evr,0
ain,0
ì,0
rough,0
horny,4
smell,0
terrible,0
wid,2
gosh,0
suckers,0
tagged,0
box139,1
arise,0
oops,0
shoot,0
painful,0
mess,0
broken,0
textbuddy,2
cumin,1
ever,2
getzed,8
inpersonation,0
weirdo,0
real,12
acting,0
causing,0
cover,0
7ish,0
norm150p,4
449071512431,1
opt,14
checking,0
prove,0
freshers,0
saturday,4
payed2day,0
aathi,0
entry,21
prevent,0
sooooo,0
pobox36504w45wq,5
affectionate,0
outreach,0
winterstone,0
owl,0
restrictions,1
fro,0
40533,1
bottom,0
guessin,0
babysitting,0
chat80155,1
mono,2
passed,0
suprman,3
fletcher,0
persevered,0
100,10
plane,0
jus,0
sufficient,1
eatin,0
genuine,2
got,3
vry,0
hungry,2
wahleykkum,0
pick,1
loan,3
bold,0
54,1
fools,0
flat,0
molested,0
masteriastering,0
already,1
approaches,0
couldnï,0
asa,0
tat,0
fight,0
mistake,1
tiz,0
jacket,0
brand,3
hasnt,0
langport,0
boooo,0
isv,0
sports,2
thesis,0
83383,2
sullivan,1
ish,0
pro,1
handing,0
member,5
silly,0
flip,0
are,58
sehwag,0
somethin,0
weasels,0
flirting,1
female,1
bday,0
butting,0
hands,0
sound,1
chords,0
next,12
spageddies,0
okies,0
ill,1
poly3,1
feelin,1
moral,0
msgrcvdhg,3
ntimate,0
issues,1
superior,0
paces,0
freaked,0
twiggs,0
mobno,2
fridge,0
09061221066,2
diet,0
teletext,1
neft,0
mirror,0
tcr,3
wa,0
brain,0
latest,21
skateboarding,0
served,0
nowhere,0
affection,0
45239,2
feeling,2
unsubscribe,13
gotto,1
wan,2
attempt,15
eï,1
squid,0
comin,0
wise,0
darker,0
makin,0
polyph,2
offcampus,0
corporation,0
hp20,1
wotz,0
slave,0
hcl,0
ads,2
tomorrow,7
4fil,2
eveb,0
subscrition,1
printing,0
08000839402,11
usb,0
impossible,0
permanent,0
shop,7
tai,0
heads,0
least,0
way2sms,0
kr,0
sorting,0
obey,0
wana,0
jersey,1
mobs,1
pressure,0
tigress,0
dress,0
manda,0
08708800282,1
carry,0
vid,1
gt,0
cya,0
rates,5
strt,1
82468,2
stagwood,0
08081560665,2
68866,1
shoul,0
shove,0
09056242159,2
bari,0
success,0
½5,1
sense,0
sympathetic,0
bt,9
had,8
mary,0
while,3
nelson,0
system,0
remember,0
nokia,51
bilo,0
qjkgighjjgcbl,1
dbuk,1
ld,0
transfr,0
some,5
gary,0
single,1
time,10
relaxing,0
lccltd,1
joke,0
trust,0
adrian,1
88800,1
scenario,0
wiskey,0
ammo,0
mostly,0
vodafone,3
jiu,0
you,206
cheaper,1
drugs,0
takin,0
huge,0
382,0
lookin,1
sing,2
35p,1
09050002311,2
laptop,0
monkeyaround,0
sender,1
constantly,0
happened,0
nice,0
08718723815,1
rajas,0
etc,5
borin,1
shes,0
fo,0
lim,0
bognor,0
title,3
rtf,1
snap,1
entered,6
seat,0
nething,0
flight,1
bring,0
cds,4
dorothy,1
resubbing,0
now,148
07732584351,1
offdam,0
d3wv,1
anythin,0
waves,0
kisses,0
wifi,0
ese,0
lick,0
yi,0
mobileupd8,11
sway,0
fat,0
toclaim,2
shakara,0
yrs,3
sweet,0
izzit,0
310303,1
minmobsmorelkpobox177hp51fl,3
scrumptious,0
intrude,0
happiness,0
ffectionate,0
care,4
callin,0
ninish,0
bud,0
outfor,0
remind,0
weekends,4
priest,0
leads,0
7,2
digi,0
century,0
research,0
ponnungale,0
drpd,0
known,0
tirunelvai,0
plenty,0
10th,1
mp3,3
800,6
independently,0
discreet,2
jet,0
nokia6650,2
howz,0
125gift,2
which,4
pounded,0
pixels,0
listened2the,0
ge,0
crore,0
republic,0
arnt,0
luckily,0
throwin,0
latests,1
kaiez,0
keyword,1
sleeping,0
amt,0
kuch,0
hottest,1
gives,0
ordinator,0
stressed,0
50pmmorefrommobile2bremoved,1
3100,1
secretary,0
zac,0
explicitly,0
raining,0
why,8
whereare,0
attend,0
l,1
runs,0
4d,0
raiden,0
keep,4
csc,1
somebody,2
earliest,0
sec,0
werebored,0
beware,1
jump,0
birthday,1
113,2
yahoo,2
tactless,0
cookies,0
amp,0
mad2,1
a21,1
aww,0
iphone,0
including,0
tomorw,0
ended,0
scotland,1
shld,0
07753741225,1
amore,0
ryan,0
her,3
embarassing,0
keluviri,0
434,3
aiyo,0
cherthala,0
urawinner,2
lotta,0
collages,0
exact,0
meaningless,0
clue,0
any,14
here,7
shuhui,0
respond,1
silence,0
eightish,0
4goten,1
unhappy,0
sumthin,0
dled,0
slices,0
ing,0
½12,1
habit,0
pansy,0
plate,0
fallen,0
itxt,0
pdate_now,1
myself,0
babyjontet,0
rcvd,7
mcr,0
clean,0
alertfrom,1
liverpool,2
walk,1
_,0
geeee,0
childrens,0
details,4
bbd,0
flowers,1
anjie,0
sister,0
transport,0
sweetest,0
ink,0
87575,3
scratches,0
dasara,0
mum,0
smoothly,0
gymnastics,0
squishy,0
lucyxx,0
spare,0
save,2
cons,0
services,13
shitload,0
abt,0
answers,0
spring,0
half8th,0
watch,0
scammers,1
splashmobile,1
showrooms,0
nyc,0
3optical,0
peripherals,0
2,141
½ûªm,0
sit,0
netcollex,2
uwana,0
fones,1
rummer,0
whos,0
work,3
s3xy,1
itried2tell,0
rhythm,0
overdose,0
evaporated,0
mail,0
canal,0
path,0
benefits,0
color,0
programs,0
diwali,0
shanghai,0
hotmix,1
stash,0
red,2
roger,0
missions,0
discuss,0
milta,0
theatre,0
been,28
after,3
studying,0
bb,0
commit,0
lost,2
aberdeen,1
ruining,0
steak,0
bother,0
xxsp,1
09064011000,2
drunken,0
stranger,0
hype,0
gei,0
destiny,0
character,0
feel,0
edhae,0
onto,3
ovr,0
mitsake,0
861,1
losers,0
afternoons,0
nig,0
goodmate,0
smoked,0
analysis,0
garbage,0
eaten,0
look,2
lindsay,0
rakhesh,0
didnï,0
slippery,0
meet,7
secondary,0
ma,0
dan,0
uni,0
prescripiton,1
inches,0
waited,0
peoples,0
onluy,0
2mrw,0
famamus,0
weren,0
inever,0
flood,0
freemsg,10
orange,18
teachers,0
08712402902,1
drinkin,0
8,1
lion,0
thanx4,0
given,0
disastrous,0
loves,0
gota,0
justthought,0
crab,0
onion,0
wating,0
61200,1
09066368470,1
resizing,0
w1jhl,4
½500,17
rude,3
flash,0
tming,0
nalli,0
settled,0
correction,0
ahhh,0
census,0
innocent,0
england,5
pharmacy,0
420,0
indian,0
yourinclusive,1
fated,0
till,3
custom,0
ok,4
too,1
25p,7
gmw,1
chinky,0
papa,0
4t,4
install,1
arestaurant,0
tendencies,0
pulls,0
cbe,0
700,0
iron,0
jealous,0
nokia6600,2
moms,0
shore,0
weigh,0
signal,0
importantly,0
medicine,0
performed,0
scold,0
teach,0
messaged,0
player,10
ft,0
call2optout,8
cardin,0
hooked,0
brats,0
sum,0
singles,5
kodstini,0
valued,5
yup,0
univ,0
thirtyeight,1
swalpa,0
lyk,0
vodka,0
environment,0
shorter,0
8pm,1
loose,0
popped,0
wnt,0
total,1
shows,19
minded,1
mobilesdirect,3
daytime,1
avoid,0
posts,1
cyclists,0
hoops,0
nursery,0
100txt,1
arrival,0
spoons,0
reference,3
07801543489,1
tooth,2
pobox45w2tg150p,2
bowa,0
thot,0
optimistic,0
kodthini,0
unfortunately,0
jontin,0
received,1
14tcr,1
aah,0
08712101358,1
inperialmusic,0
massages,0
08701417012150p,1
fails,0
89555,3
k718,1
tensed,0
apply,21
hearts,0
tsunamis,0
f,6
first,6
stable,0
plm,0
factory,0
rudi,0
ambrith,0
thoughts,0
kickoff,2
pink,0
smashed,0
confirmed,0
womdarfull,0
friendship,0
attraction,0
087147123779am,1
shangela,0
36504,5
adoring,0
xxx,11
texts,13
rate,19
½10,8
blake,0
diesel,0
ammae,0
tones2u,1
employee,0
engaged,0
comp,7
janx,0
silent,0
jenne,0
falls,0
k61,1
colleagues,0
would,2
bar,0
grinder,0
eating,0
stress,0
pissed,0
upstairs,0
mushy,0
shouldn,0
stopcost,1
scrounge,0
gorgeous,0
69101,1
8552,4
suffer,0
iam,0
gist,0
fuelled,0
due,0
callsï,5
wishlist,0
hurried,0
shower,0
raed,0
tour,2
haul,0
possessive,0
percentages,0
jane,1
mah,0
hardcore,2
todo,0
winds,0
mob,19
penis,0
club4mobiles,1
captaining,0
craving,0
madam,0
09066362220,1
especially,0
sic,1
eldest,0
certainly,0
keralacircle,0
isnt,0
virtual,0
did,2
store,7
sara,1
idk,0
flung,0
batch,0
developed,0
thnx,0
hourish,0
prizes,1
jul,1
agidhane,0
0808,2
insurance,0
jas,0
buttons,0
decisions,0
months,1
road,0
accounting,0
ooh,0
process,0
poortiyagi,0
however,1
dub,0
4info,3
mention,0
ctxt,2
pin,1
todays,13
frwd,0
5years,0
emergency,0
edu,0
contacted,4
supplies,0
awarded,27
stars,1
murali,0
lanka,0
special,15
entey,0
probably,0
withdraw,0
½1450,3
orig,1
surname,0
december,3
½6,0
cute,1
small,0
luton,0
windows,0
fell,0
cs,35
cheered,0
dubsack,0
wins,1
but,4
dudes,0
prescription,0
amplikater,0
asks,0
hard,3
uks,3
fresh,0
acknowledgement,0
cw25wx,4
knock,2
av,0
speling,0
1327,6
delete,0
aptitude,0
09041940223,1
or2stoptxt,3
christ,0
pee,0
widelive,1
suply,0
brilliant,0
hamper,0
storming,0
entertain,0
ahead,0
curfew,0
yer,2
film,0
measure,0
listening,1
wales,1
dealer,0
ran,0
sony,5
roommate,0
attributed,0
unfortuntly,0
wrench,0
½nd,1
l8,0
height,0
becomes,0
inde,0
wherre,0
future,3
only1more,0
way,1
peril,0
designation,0
holiday,20
optin,1
spook,3
resubmit,1
messy,0
falconerf,0
sk3,1
aftr,0
victors,0
becoz,0
sentence,0
supose,0
brothers,0
unredeemed,2
past,0
iz,0
five,3
cn,0
buffy,1
09099726553,1
itcould,1
ga,0
32,1
deus,0
screaming,0
disturb,0
hella,0
specs,0
½200,7
xchat,4
aroundn,0
cheery,0
came,1
reminding,0
fish,0
give,5
coins,0
festival,0
u,126
str8,1
share,0
cave,0
collect,16
rcd,1
she,0
customer,32
slip,0
sq825,0
careers,2
rv,0
sharing,0
knackered,0
courtroom,0
pre,1
african,0
janinexx,1
apologize,0
850,0
24,4
wuld,0
combine,0
popcorn,0
unknown,0
83355,3
swann,0
justify,0
00,9
wnevr,0
proove,0
arun,0
kochi,0
towards,0
owns,0
pages,0
lotsly,0
ic,0
bread,0
dload,2
physics,0
btw,0
peak,1
61610,2
ganesh,0
5pm,0
books,0
528,1
noline,2
lil,0
fast,1
88888,1
tickets,3
conditions,3
progress,0
mental,0
camera,21
uve,1
enjoyed,2
fyi,0
senor,0
iknow,0
rcv,2
09061790121,2
lacs,0
trek,0
valid,16
ltd,10
browsin,0
3days,0
truth,0
parked,0
sw73ss,1
talent,0
kb,0
unique,1
shrek,0
enketa,0
requires,0
when,11
squatting,0
finest,1
09061743811,1
7876150ppm,2
platt,0
far,0
educational,0
surgical,0
takecare,0
beauties,0
melle,0
stone,0
monthlysubscription,1
darling,2
earn,0
nothin,0
nw,0
comb,0
forever,0
lido,0
truly,2
nattil,0
quizclub,1
seems,0
exorcist,2
07046744435,1
outbid,1
chinese,0
haven,1
welp,0
beads,0
barbie,1
passionate,0
lo,0
09058095201,1
neighbor,0
09099726481,1
zouk,1
assumed,0
12,1
still,6
videosounds,1
during,1
iraq,0
doubletxt,1
violet,2
event,0
better,1
shirts,0
somtimes,0
rain,0
paperwork,0
inc,5
katexxx,0
txt250,1
wth,0
misss,0
cann,0
526,1
85555,1
10p,16
salad,0
publish,0
farm,0
forgot,0
bonus,18
tihs,0
persons,0
pushes,0
polyphonic,2
posible,0
lor,0
careabout,0
centre,0
champ,0
872,1
soiree,1
nri,0
lf56,1
begging,0
tight,0
comfort,0
usps,0
15,0
knocking,0
forums,0
il,0
department,0
footie,0
digits,1
likely,0
starving,0
09050001808,2
09094100151,1
funk,1
bout,1
08717205546,1
groovying,0
speeding,0
winnersclub,1
abusers,0
zoe,1
csh11,2
recognises,0
age16,7
happend,0
record,0
flirtparty,1
½re,0
lionp,1
88039,3
visit,5
smile,0
budget,0
uk,53
sausage,0
bluetooth,6
1win150ppmx3,2
mandy,1
fatty,0
box39822,2
lyf,0
lose,1
1030,0
09061104283,1
realised,0
win,48
recharge,0
lipo,0
lately,0
priscilla,0
station,0
giving,0
hugh,0
participate,0
retard,0
vth,0
num,0
clubsaisai,1
missin,0
cramps,0
flag,4
following,3
laden,0
program,0
spoken,0
ctagg,0
collection,15
marking,0
wif,0
anna,0
bright,0
raviyog,0
broadband,0
spotty,0
malarky,0
cm2,1
08714712394,1
24hrs,2
properly,0
sleepingwith,1
exe,0
relationship,0
ip4,5
public,0
gauge,0
terms,6
pound,4
citizen,0
exhausted,0
grow,0
stylist,0
mca,0
buying,0
worst,0
blame,0
sleepwell,0
ruin,0
spend,0
callback,1
filling,0
sphosting,1
milk,0
reception,0
stories,1
whn,0
sorted,0
specify,0
evn,0
lived,0
08712460324,4
j5q,1
2geva,0
western,0
awaiting,4
premarica,0
74355,1
snowball,0
whatsup,0
between,6
unnecessarily,0
worries,0
selflessness,0
references,0
module,0
83435,1
description,0
clear,0
link,4
endowed,0
think,2
gudnite,0
yelling,0
weirdest,0
checkboxes,0
vill,0
report,0
dearly,0
payasam,0
piggy,0
longer,0
murderer,0
bedrm,0
masters,0
manege,0
qing,0
watever,0
must,4
subs,3
naughty,0
deposited,0
soil,0
84199,2
announcement,4
conference,0
deliveredtomorrow,2
lac,0
april,0
sacrifice,0
07734396839,2
beer,0
tkls,1
dogging,11
current,0
sept,2
wi,0
leaves,0
gr8,5
filth,1
09066362206,1
ecstasy,0
projects,0
valentine,1
theacusations,0
britney,2
sleepy,0
turning,0
badrith,0
07808,1
lolnice,0
stones,0
alcohol,0
gimme,0
un,5
uhhhhrmm,0
fancies,3
30th,1
gautham,0
determine,0
setting,0
jeri,1
faded,0
conform,0
el,0
application,0
3510i,3
bcm4284,1
08000776320,2
album,0
doctor,0
3uz,2
luxury,1
home,2
waking,0
ogunrinde,0
1thing,0
guitar,0
idps,0
chillaxin,0
aldrine,0
nudist,0
facebook,0
nitros,0
mobypobox734ls27yf,1
devouring,0
poly,12
stealing,0
stewartsize,1
workage,0
drizzling,0
philosophical,0
likes,0
dependents,0
09090204448,1
becausethey,1
shall,0
07781482378,2
m6,1
permission,0
opinions,1
uneventful,0
rcb,0
cam,1
forward,0
atlanta,0
vitamin,0
sw7,1
started,0
ten,1
closingdate04,1
2000,1
official,2
remembered,0
results,3
hols,2
boat,0
pretsorginta,0
chores,0
job,0
gimmi,0
career,1
psychic,1
concentrate,0
splleing,0
psychologist,0
ard,0
thru,0
gayle,0
file,0
smsservices,1
dough,0
korli,0
09058098002,1
nikiyu4,1
predicting,0
arngd,0
fever,0
66,0
nickey,0
bridgwater,0
stalking,0
ladies,2
satsgettin,0
spanish,0
doke,0
liking,0
art,0
37819,1
school,0
badly,0
lodge,0
08452810075over18,2
ar,0
mint,0
irritates,0
lotr,2
tho,0
n9dx,1
tech,0
mummy,0
ure,0
documents,0
wer,0
08712402779,1
trebles,1
80878,1
sort,1
westonzoyland,0
monos,1
brothas,0
txt,125
glass,0
kiss,0
tessy,0
hole,0
lol,0
truro,0
69866,1
shaved,0
reality,2
singing,0
sppok,1
09061743810,1
50,34
renewal,1
express,0
tag,0
weds,0
fills,0
matric,0
janarige,0
needy,0
meanwhile,0
delivery,14
wishin,0
afghanistan,0
008704050406,1
quite,0
wonders,0
box,25
3ss,1
oi,0
remembr,0
dogs,1
hows,0
pei,0
cakes,0
jstfrnd,0
status,0
jos,0
complaining,0
weird,0
08700621170150p,1
honeybee,0
favor,0
sunscreen,0
stadium,1
records,1
breeze,0
mia,0
enter,7
thinking,0
cast,1
women,1
alian,0
blood,0
expecting,0
bridge,0
coupla,0
tmrw,0
friends,4
decimal,0
inner,0
hip,0
chile,0
pale,0
applausestore,1
administrator,0
sells,0
though,1
completing,0
full,0
69696,2
heart,2
docs,0
satisfied,0
hex,0
cleared,0
chatter,1
dnot,0
stuff42moro,0
meive,0
shiny,0
caveboy,0
sheffield,0
8077,1
mist,0
best1,0
lololo,0
wear,0
exmpel,0
ave,1
writhing,0
ela,0
uup,0
mofo,0
short,0
kz,0
treat,0
04,5
else,1
booked,0
attracts,0
300,3
gossip,1
mi,0
ths,0
th,0
09063442151,1
muchxxlove,0
bus8,0
lmao,0
figure,0
muz,0
making,0
google,0
thinl,0
lib,0
lucky,4
ayn,0
hmmm,0
white,0
pmt,0
pax,0
sip,0
ko,0
cold,0
particular,0
80155,1
doesnï,0
objection,0
decision,0
nok,2
matra,0
operator,11
jia,0
outfit,0
delhi,0
nevamind,0
xclusive,1
wiv,2
vava,0
somerset,0
crisis,0
lower,0
enemies,0
subtoitles,0
sc,0
wat,0
seemed,0
dedicated,0
buttheres,0
morn,0
lifting,0
theater,0
sittin,0
accounts,0
applebees,0
gv,0
blogging,0
isnï,0
male,1
2003,5
little,1
recd,4
lives,0
constant,0
interview,0
amigos,0
smart,2
3680,1
park,1
sponsors,0
semester,0
mutations,0
09061743806,2
08,2
wesley,0
pobox84,5
gained,0
edukkukayee,0
sptv,2
coin,0
oredi,0
avatar,0
instituitions,0
reading,0
rights,0
lines,1
electricity,0
gender,2
dao,0
garage,0
province,0
formal,0
big,1
woken,0
christmas,1
arises,0
ts,9
headï,0
citylink,0
eachother,0
repent,0
drove,0
zindgi,0
annoncement,1
vehicle,0
fake,0
pl,0
hitter,0
biatch,0
rest,0
booty,0
everyones,0
shattered,0
wicked,0
½,1
haventcn,0
fan,0
frnds,0
dancin,0
areyouunique,1
ipod,8
detailed,0
bloke,1
tobacco,0
somewhere,0
thenampet,0
shame,0
sun0819,1
px3748,0
ingredients,0
returned,0
forced,0
taj,0
seconds,0
09061702893,1
poor,0
help,18
varunnathu,0
hanks,0
whom,0
perpetual,0
approaching,0
uwant,0
gnt,0
wallet,0
9,1
elaborating,0
goss,0
shhhhh,0
voice,0
seeing,0
yupz,0
l8r,0
hmm,0
listed,0
dunno,0
uncomfortable,0
avble,1
crying,0
glory,0
havenï,0
bare,0
abi,0
verified,0
locaxx,0
followed,3
choices,0
box334sk38ch,1
travel,2
0578,2
learn,1
change,0
nag,0
subletting,0
hw,0
desert,0
gotta,0
appt,0
motive,0
hasbro,0
genius,0
optout,4
shun,0
tea,0
devils,1
drugdealer,0
phones,7
three,0
sipix,3
5226,1
notebook,0
y87,1
inform,0
laughs,0
hollalater,0
nz,0
westlife,1
ahmad,0
stopped,0
help08718728876,1
seeking,0
loveme,0
oral,0
fromm,2
billion,0
yelow,0
freak,0
sales,0
mush,0
replacement,0
sent,9
refused,3
skills,1
pics,11
possible,0
belive,0
elliot,0
ocean,0
pc,4
survey,1
pai,0
brandy,0
wuldnt,0
temp,0
snowman,0
eastenders,2
voted,0
grab,0
crckt,0
netflix,0
hava,1
receipt,3
80062,5
add,0
sucks,0
raksha,0
fixedline,2
might,0
ryder,0
nigro,0
looked,0
ummmmmaah,0
thinks,7
09065069120,1
caught,0
smiled,0
titles,3
09066364589,2
s,59
perhaps,0
noiï,0
fool,0
elvis,1
sg,0
man,0
thin,0
pictures,0
dine,0
sathy,0
various,1
half,7
2kbsubject,1
fm,1
eng,2
paid,1
dresser,0
5k,2
nike,0
vomiting,0
warm,2
08717895698,1
89080,2
k,2
yr,10
oooh,0
winning,0
gon,0
½54,1
killing,0
suman,0
ystrday,0
patty,0
four,1
1mega,0
boughtï,0
087187262701,2
active,2
kalainar,0
sweatter,0
later,0
smsrewards,1
prods,1
beautiful,0
prolly,0
neway,0
handsome,0
players,0
plumbers,0
hogolo,0
no1,6
responce,0
luks,0
complain,0
fit,1
wrong,0
harish,0
witin,0
initiate,0
write,0
laughing,0
headstart,0
rolled,0
w1j6hl,9
totes,0
chrgd,1
club,15
scotch,0
sale,3
lets,0
fires,0
part,8
inlude,0
urgran,0
timi,0
shortage,0
wasted,0
palm,0
boy,0
08718738034,1
prepaid,0
dieting,0
bin,1
woohoo,0
youï,0
vibrator,0
subscriber,4
duffer,0
itwhichturnedinto,0
aboutas,0
pathaya,0
sol,3
rumour,0
msging,0
b4utele,1
simonwatson5120,1
adventure,0
dark,1
0871,2
residency,0
hopes,0
cysts,0
complaint,0
attach,0
opposed,0
replied,1
painting,0
freephone,5
prizeswith,1
yoyyooo,0
versus,0
boo,0
fucks,0
prepared,0
bubbletext,1
cst,1
cancelled,0
da,0
gauti,0
conclusion,0
margaret,0
two,0
beneath,0
crashed,0
forgiveness,0
interviw,0
athome,0
virgin,1
hen,0
become,1
having,0
products,0
146tf150p,1
08701417012,2
stalk,0
offline,0
coccooning,0
bribe,0
kl341,1
stockport,2
trash,0
83222,3
mylife,0
say,1
ages,1
harlem,0
phews,0
9996,1
forgets,0
laurie,0
20p,6
nigpun,0
update_now,2
youre,0
lifted,0
ericson,0
dem,0
frndz,0
fal,0
09050280520,1
allalo,0
or2optout,1
shocking,0
tests,0
submitting,0
mark,0
phil,0
07xxxxxxxxx,2
audrie,0
summers,1
cappuccino,0
against,0
easily,0
08717890890ï,1
08714712379,1
tryin,0
0721072,1
songs,0
enjoy,7
keeping,0
aluable,0
hold,0
potter,2
specialisation,0
150ppmsg,1
draws,1
yun,0
tackle,0
83049,1
cha,2
day,12
faggot,0
enters,0
footbl,0
645,0
wa14,1
bcoz,0
comment,0
1405,0
oic,0
86021,5
itna,0
hanuman,0
½800,8
multiply,0
avoids,0
byï,0
vale,0
immunisation,0
addie,0
06,6
6wu,1
hotel,2
09050001295,1
mittelschmertz,0
bck,0
bears,2
41685,2
2005,3
waiting,12
boyfriend,0
flyng,1
ms,0
drop,2
leftovers,0
trouser,0
txtno,2
reminder,1
am,12
another,0
stomach,0
m8,1
sup,0
randy,2
babysit,0
bros,0
kaypoh,0
gbp5,1
corrupt,0
pobox334,2
thrown,0
gonna,0
08704439680,1
housework,0
forgive,0
match,4
frank,0
fightng,0
knee,0
outgoing,1
synced,0
pm,3
velachery,0
textbook,0
latelyxxx,0
germany,1
75max,1
samus,0
people,3
arrow,1
boss,0
tactful,0
isaiah,0
wld,0
worry,0
reason,0
frens,0
½1000,23
quoting,3
hail,0
bay,0
open,1
until,5
domain,0
0844,1
09099725823,1
shadow,0
reformat,0
british,1
01223585236,1
dificult,0
jeremiah,0
flame,0
excused,0
jabo,0
whole,0
lttrs,0
science,0
swear,0
aunties,0
hasn,0
hlp,1
answer,7
kettoda,0
images,0
skip,0
channel,1
info,10
contract,1
stairs,0
rush,0
wanted,1
sachin,0
tiempo,0
caroline,0
thinked,0
7am,0
jules,0
srt,0
gent,2
private,9
guess,6
urgnt,0
20,6
09099726395,1
dined,0
testing,0
smear,0
admit,0
6months,1
usmle,0
converted,0
cd,5
basically,0
abel,0
agency,0
cheap,3
handle,0
fingers,0
original,2
scoring,2
loverboy,0
oveable,0
08719899230,1
i,41
idea,0
child,1
nusstu,0
underdtand,0
right,1
slower,1
possessiveness,0
m95,2
das,0
0871212025016,1
7250i,4
soundtrack,1
po,24
heehee,0
brum,0
request,1
skirt,0
audition,0
spun,0
abiola,0
yours,11
nights,1
ptbo,0
combination,0
83021,1
ndship,0
hui,0
returns,0
try,6
blanket,0
taking,1
refilled,0
aiya,0
roads,0
tel,0
rajnikant,0
voila,0
jones,0
nahi,0
redeemed,5
space,1
8lb,0
texting,0
corect,0
worth,10
pouts,0
easier,0
js,0
classes,0
leh,0
3g,2
freefone,2
rt,1
videochat,2
wicklow,2
loxahatchee,0
marry,0
size,0
slightly,0
knowing,0
aunt,0
tome,0
finds,0
whose,1
trackmarque,1
thts,0
over,12
macha,0
lager,0
askin,0
kitty,0
karo,0
sight,0
miiiiiiissssssssss,0
natwest,0
sometime,0
ringtone,22
europe,1
shitinnit,0
beach,0
undrstndng,0
tablets,0
blow,1
cricketer,0
ctargg,0
2hook,0
becz,0
paper,0
lying,0
wasnï,0
own,0
½33,0
0a,1
employer,0
parkin,0
earth,0
18p,1
rael,0
99,1
err,0
wife,0
shipping,0
improve,0
ansr,4
switch,1
becaus,0
dontignore,0
08715203028,1
surprise,2
dodda,0
wtc,0
kingdom,1
hint,0
thangam,0
4txt,2
gaze,0
thuglyfe,0
hanger,0
cliff,0
hdd,0
weeks,5
reward,3
bless,0
extra,4
cc,5
bitch,1
java,2
helen,1
registration,0
troubleshooting,0
prominent,0
sorrow,0
holla,0
sha,0
entertaining,0
enemy,0
snogs,0
69669,1
tau,0
smeone,0
hurricanes,0
2hrs,0
global,1
hit,2
jide,0
bowl,0
afternon,0
meetins,1
argh,0
ji,0
death,0
everybody,0
077xxx,1
reply,70
aburo,0
him,1
some1,0
depressed,0
8007,18
subpoly,3
nokias,2
sarcastic,0
tiime,0
jobyet,0
caller,11
oooooh,0
supply,3
changed,1
concern,0
trauma,0
cheyyamo,0
snow,0
shouted,0
bam,0
refund,0
doesdiscount,0
something,0
maximum,1
erm,0
largest,4
purchase,2
go2sri,0
opportunity,0
jelly,0
buzzzz,0
pehle,0
08712317606,1
wikipedia,0
surrounded,0
pie,0
need,6
pretsovru,0
believe,1
09099726429,1
footprints,0
cream,0
jaklin,0
adult,3
08708034412,1
busty,1
shivratri,0
row,14
goal,0
slurp,0
trends,0
re,11
tons,1
owned,0
balloon,0
swiss,0
pop,0
imposed,0
crucify,0
alerts,1
gm,0
tms,1
go,21
450ppw,2
box1146,1
acnt,0
bringing,1
apples,0
slow,1
ondu,0
team,4
ideas,0
radio,0
invitation,0
hairdressers,0
lekdog,0
namous,0
cup,5
uncountable,0
sprint,0
ors,0
skilgme,3
aaniye,0
obese,0
sources,0
apologise,0
card,3
mate,0
addicted,0
2marrow,0
boyf,0
convince,0
tone,43
9th,1
model,0
waliking,0
yorge,0
gurl,0
ofice,0
08715203677,1
answr,0
kalisidare,0
150ppm,25
passion,1
½1500,3
slice,0
02072069400,1
8th,0
89693,2
aco,1
if,19
potential,0
thirunelvali,0
tooo,0
breaking,0
wrks,0
teaching,0
whether,0
rimac,0
ijust,0
sory,0
cola,1
agalla,0
html,1
classmates,0
clever,0
can,23
waitin,0
snickering,0
cook,0
sheet,0
throat,0
getsleep,0
club4,1
watts,0
appointment,0
abta,2
wotu,0
09050090044,2
taken,0
imagine,0
minapn,1
wings,1
suits,0
4403ldnw1a7rw18,1
talkin,0
cheating,0
algorithms,0
0089,1
thkin,0
lift,0
machi,0
since,1
nic,0
period,0
control,0
see,10
ything,0
cm,0
dps,1
cedar,0
village,0
confuses,0
lifpartnr,0
sux,0
limits,0
spouse,0
iccha,0
going,4
agree,0
shb,0
jjc,0
unless,0
promptly,0
wrongly,0
80608,2
ding,0
ta,1
cc100p,1
bpo,0
those,0
works,0
goodnoon,0
noun,0
speaking,0
fren,0
fri,2
hun,0
musicnews,1
words,0
strike,0
main,0
epi,0
lubly,0
byatch,0
bold2,0
stated,0
5th,0
readiness,0
will,30
gd,0
wee,0
strong,2
kisi,0
str,1
aging,0
ibh,2
sure,0
profile,0
xin,0
credit,6
fluids,0
valentines,2
txting,7
chiong,0
apologetic,0
4got,0
er,0
films,2
hearing,0
vaazhthukkal,0
12hrs,12
03,11
via,1
½75,3
crap,0
final,14
polys,5
21870000,2
postcard,0
bunch,0
affidavit,0
gonnamissu,0
nurses,0
shoulders,0
meh,0
meal,0
pool,0
sending,0
hurting,0
gage,1
croydon,6
cutter,0
logoff,0
jon,0
picsfree1,2
convincing,0
mrng,0
asusual,0
infernal,0
our,54
½d,0
ola,0
appointments,0
notixiquating,0
fed,0
lord,1
thank,1
gari,0
imin,0
sportsx,0
tissco,0
avo,0
db,0
waaaat,0
92h,2
smacks,0
tones2you,2
cashto,2
luvd,0
fainting,0
gold,1
violated,0
100p,1
ml,0
kalstiya,0
wad,0
fffff,0
weight,0
hav,0
competition,3
early,0
build,0
form,0
fone,3
never,1
hundred,0
okden,0
curtsey,0
wadebridge,0
hunting,0
predict,0
ask,0
22,1
mundhe,0
xmas,10
keris,0
kaitlyn,0
fetch,0
opps,0
aft,0
ilol,0
offc,0
type,0
exam,0
duchess,1
surely,0
studyn,0
ghodbandar,0
e14,1
sp,6
props,0
woke,0
brief,0
whenevr,0
darren,0
ploughing,0
tron,0
out,44
2nite,4
syllabus,0
legs,0
melnite,0
kills,0
gong,0
computerless,0
81151,4
figuring,0
jay,0
treated,0
naal,0
14,3
maraikara,0
123,3
lodging,0
account,9
gumby,0
cthen,0
drvgsto,1
5249,2
pears,0
mtmsg18,2
family,0
whats,1
dates,2
nobbing,0
shirt,0
exhaust,0
possession,0
virgins,1
marley,1
½m,0
lip,0
plan,0
behave,0
were,3
minmobsmore,1
prob,0
connect,2
mcfly,1
gibe,0
adam,2
luv,5
tick,0
count,0
08001950382,2
1b6a5ecef91ff9,1
sigh,0
bstfrnd,0
maga,0
hair,0
urgently,0
ring,2
flights,5
smokes,0
08448714184,1
strange,0
geting,0
1st4terms,1
grace,0
confused,0
answered,0
05,2
problems,0
30,0
bids,1
1yf,1
yijue,0
couple,0
marriage,0
exp,1
wrld,0
kaaj,0
dead,0
freaky,0
mails,0
hesitate,0
doit,1
formally,0
blue,0
09090900040,1
hide,1
project,0
08718726978,1
funky,1
praises,0
web2mobile,1
8p,1
madodu,0
arts,0
musthu,0
steam,0
dontmatter,0
7548,1
thanksgiving,0
roast,0
mmm,0
bothering,0
read,1
map,0
triumphed,0
fringe,0
transcribing,0
mix,3
durban,0
claire,2
tnc,1
falling,0
sang,1
chinnu,0
brainy,0
21st,2
burger,2
pounds,12
decide,0
69888nyt,1
college,0
relieved,0
associate,0
language,0
mad1,1
lucy,2
statement,7
dey,0
reallyneed,0
noon,0
atm,0
lotto,0
lunchtime,0
087018728737,1
f4q,1
0776xxxxxxx,1
pt2,1
stay,2
portal,0
pobox,11
hell,0
rose,0
tuition,0
detroit,1
life,3
subscriptions,1
aries,1
pants,0
bed,0
book,4
teenager,1
hi,14
oscar,0
shifad,0
linerental,4
rentl,2
ll,3
dint,0
frying,0
timings,0
heron,0
power,0
blessed,0
makiing,0
sf,1
met,1
phd,0
countin,0
08700435505150p,1
interflora,2
silently,0
dat,0
getting,4
essential,0
80082,2
vouchers,16
asking,0
banks,0
suntec,0
it,23
kusruthi,0
misbehaved,0
kiefer,1
yunny,0
250,2
mwahs,0
bao,0
30apr,1
autocorrect,0
yoga,0
romcapspam,1
ltdhelpdesk,1
practicing,0
nytho,0
god,1
hogli,0
500,19
along,1
32323,1
chinchillas,0
trivia,1
ruthful,0
landlineonly,1
lover,2
dizzee,1
bull,0
vu,2
elaine,0
calling,3
bite,0
destination,0
promises,0
dl,0
shesil,0
theirs,1
sum1,0
await,10
hr,0
registered,3
fwiw,0
oso,0
reboot,0
wo,0
clearing,0
upgrade,3
aaooooright,0
boys,2
okey,0
strewn,0
rodger,1
revealed,3
complimentary,8
practice,0
89545,2
pouch,0
airport,1
sarcasm,0
naseeb,0
153,2
proof,0
1stchoice,1
screen,0
looks,0
orc,0
east,0
offer,22
broke,0
pix,3
bak,0
honest,0
sized,0
beyond,0
mys,0
hey,5
sucker,0
funs,0
spain,0
understood,0
sips,0
issue,0
rr,0
very,1
lab,0
track,0
tis,0
opened,0
09057039994,1
doubt,0
torch,0
manage,0
acc,0
300p,2
animal,0
matched,1
prior,0
saved,0
each,7
passes,1
tee,0
doinat,0
3230,0
datebox1282essexcm61xn,2
love,9
reacting,0
08718738001,1
1120,0
lambu,0
everyboy,0
ear,0
dhina,0
supposed,0
81618,3
soul,0
slots,0
get,62
jazz,0
footy,1
newest,3
reltnship,0
sooner,0
passable,0
steps,0
bangb,1
dontplease,0
john,0
week,45
wrking,0
guaranteed,35
wasn,0
fees,0
honey,0
sofa,0
ego,0
spys,0
puttin,0
apps,0
holding,0
rite,0
ext,0
44,1
gram,0
scrappy,0
unni,0
mecause,0
monthly,1
called,0
affair,0
yep,0
haha,0
ttyl,0
start,6
ali,0
25,3
pussy,0
eruku,0
09064012160,2
mudyadhu,0
½900,5
bits,0
sts,0
fact,1
earlier,0
true,2
mini,1
telugu,0
yck,0
theory,0
before,4
cough,0
smoking,0
09066368753,1
payback,0
09066364349,1
yellow,0
80488,5
yummmm,0
evening,1
3,15
08002888812,2
computers,0
date,7
les,0
closer,0
apology,0
mobstorequiz10ppm,1
ws,0
braved,0
mine,0
claims,1
picture,1
regret,0
umma,0
elaya,0
myparents,0
shahjahan,0
cps,0
iter,0
plyr,1
ride,0
ship,0
pulling,0
08718730555,1
begin,1
comuk,5
bcum,0
ironing,0
passwords,0
both,0
indeed,0
teaches,0
released,0
140ppm,1
wants,1
about,7
09066612661,3
nange,0
alto18,1
thinkin,0
mycalls,0
option,0
09066362231,3
08450542832,1
urgent,44
tirunelvali,0
payee,0
arr,0
atten,0
valid12hrs,3
friend,6
kolathupalayam,0
certificate,0
crave,0
verify,3
imposter,0
callertune,0
pain,0
missy,0
touch,1
woods,1
play,12
head,0
weiyi,0
hav2hear,0
08719181513,2
moon,2
lobby,0
lounge,1
kanji,0
chip,0
brains,0
price,10
end,11
year,6
staff,0
frmcloud,0
w4,1
rgds,1
attached,0
whassup,0
orno,1
fourth,0
hang,0
looking,6
different,0
150ppermesssubscription,2
cooked,0
ip,0
unbelievable,0
apes,0
ringtones,4
tht,0
exciting,3
girl,5
holder,4
should,6
everything,0
de,0
ugadi,0
havbeen,0
promo,1
notice,3
river,0
lonely,1
bhaji,0
makes,0
achieve,0
datz,0
cr,0
points,7
finally,1
armand,0
prefer,0
finalise,0
amk,0
sirji,0
cry,0
fishhead,0
found,1
prospects,0
txtauction,5
08718726970,1
town,2
arng,0
09064019014,1
purse,0
85233,1
pizza,0
forth,0
xx,4
embarrassed,0
bag,0
4qf2,1
find,24
gas,0
hrishi,0
duo,0
telephone,1
charles,0
hubby,1
expired,1
grandmas,0
distract,0
vat,1
valuable,0
didn,0
filthy,2
terrific,0
dungerees,0
qlynnbv,1
shijas,0
football,2
siguviri,0
tgxxrz,1
08718720201,6
goals,1
boytoy,0
kindly,0
vipclub4u,1
900,0
zhong,0
mallika,0
imma,0
handsomes,0
delivered,3
xuhui,0
lily,2
xam,0
wah,0
email,2
1er,1
dear,12
transaction,0
80,1
pleasure,0
soonlots,0
blastin,0
weighed,0
mtalk,1
arrange,2
ipaditan,0
identifier,7
heading,0
accordin,0
getstop,2
note,0
arty,0
cant,3
raise,0
srsly,0
rock,1
hostel,0
run,0
then,8
availa,1
cheesy,0
entitled,3
exposes,0
fonin,0
train,0
checkup,0
dinero,0
packing,0
67441233,0
campus,0
lovers,0
receiving,0
available,2
cochin,0
enc,0
cat,0
word,20
pest,0
instantly,1
grr,0
or,120
bye,0
organizer,0
wit,0
abj,0
attending,0
6hrs,0
concentration,0
beneficiary,0
sky,6
49,1
burgundy,0
grins,0
spending,0
petrol,0
dabbles,0
087123002209am,1
bï,0
mouth,0
box420,1
maniac,1
07742676969,2
dads,0
emigrated,0
ktv,0
today,13
friendsare,0
kate,0
yuo,0
mat,1
62220cncl,1
and,100
weï,0
09094646899,2
jd,0
gee,0
ofsi,0
range,0
shag,1
ears,0
walked,0
2morro,1
incorrect,1
previously,3
group,0
rocks,0
anybody,0
wearing,0
84122,1
decided,0
cine,0
whenever,0
is,111
restrict,0
winner,13
occasion,0
gving,0
bill,1
mystery,1
shared,0
telly,0
howard,0
joining,0
r836,1
r,19
cuppa,0
jess,0
same,0
blah,0
wkent,2
qatar,0
ringing,0
havent,0
limited,0
watchin,0
correct,4
sian,0
overa,0
said,0
reached,0
5,11
fly,0
careful,2
waht,0
figures,0
msn,0
08709222922,1
feet,0
2years,0
tallent,0
convey,0
cheer,0
1131,1
kind,0
china,0
pure,0
want2come,0
rooms,1
deals,1
acid,0
flaked,0
stapati,0
growing,1
kids,0
headache,0
missunderstding,0
weather,0
press,1
happening,0
donyt,0
messenger,0
fantastic,3
thanx,0
games,10
bloomberg,4
flute,0
pls,6
½morrow,0
thurs,1
humans,0
dollar,0
thm,0
deeraj,0
shakespeare,0
informed,2
thatï,0
values,0
llc,1
v,4
sir,1
engin,0
nitro,0
website,1
clip,1
credited,1
anything,0
puzzles,0
fav,1
deep,0
abbey,0
probs,0
aid,0
quality,1
torrents,0
ducking,0
aint,0
remain,0
pc1323,0
whatever,0
09066350750,1
aphexï,0
jacuzzi,0
exactly,0
cliffs,0
3mins,2
speedchat,2
sooo,0
pending,0
jan,0
donno,0
version,0
good,10
2px,1
kickboxing,0
ps3,0
sick,0
wkg,0
idew,1
haf,0
asthere,0
09058094565,2
furniture,0
wk,28
69911,1
80182,2
½250k,2
hurts,0
ends,3
venugopal,0
gandhipuram,0
gone,0
09065394973,1
stores,0
dance,0
bani,0
costing,2
pence,2
shit,0
location,0
frm,0
batsman,0
created,1
doggin,1
again,3
vs,0
attitude,0
linux,0
text,86
kanagu,0
pull,0
07123456789,2
der,0
cancel,2
murdered,0
slowly,0
gower,0
9am,2
at,20
clarification,0
28th,1
deck,1
chachi,0
rs,0
grand,0
lect,0
hurt,0
11mths,6
reserves,0
ubandu,0
foot,0
pilates,0
princess,0
mobilesvary,2
senrd,0
software,0
glasgow,0
50s,0
7732584351,1
tm,0
ikno,0
apartment,0
visionsms,1
planning,0
collecting,0
poyyarikatur,0
cres,0
local,5
lux,2
banneduk,1
hanging,0
w1t1jy,1
moby,2
host,0
recieve,1
yaxxx,0
unsub,6
argument,0
how,6
wont,0
8wp,1
macho,0
agents,0
paypal,0
necessary,0
midnight,1
½5000,11
prestige,0
length,0
boost,0
escape,0
le,1
threats,0
cr01327bt,2
checked,0
meaningful,0
tear,0
seem,1
summon,0
lei,0
erupt,0
bro,0
seekers,0
rings,1
actually,0
bet,0
frnd,1
failed,0
dear1,0
grams,0
1st,19
replys150,1
cttargg,0
bid,6
fb,0
ratio,0
5wkg,0
pump,0
break,3
talks,0
pod,3
reminds,0
miss,7
stays,0
wire3,1
veggie,0
study,0
prepare,0
advise,3
sensible,0
wildlife,0
plus,6
spose,0
company,2
smiles,0
area,8
course,0
honesty,0
zogtorius,0
upload,1
dying,0
merely,0
simpler,0
hungover,0
fall,1
09058097218,1
soo,0
bike,0
150,8
121,3
network,16
required,0
listening2the,0
thing,1
king,4
washob,0
ps,0
eight,0
register,2
history,0
proverb,0
kissing,0
close,2
zoom,0
changes,0
mom,0
relation,0
style,0
½150,7
approx,1
sterling,0
spoiled,0
paru,0
la,0
drinks,2
prepayment,1
neglet,0
help08714742804,1
ultimatum,0
spot,0
astoundingly,0
stock,0
bsn,0
funeral,0
syria,0
000,24
gotbabes,1
bowls,0
arranging,0
unsubscribed,1
august,2
applying,0
men,2
dogg,0
msgrcvd18,1
wud,0
wake,0
wisheds,0
mas,0
teresa,0
relatives,0
told,0
bandages,0
joined,2
nurungu,0
retired,0
blankets,0
knickers,1
coz,0
½3,16
0871277810810,2
delay,0
needed,0
chatting,1
movietrivia,2
tmr,0
scores,0
dentist,0
others,0
carpark,0
durham,0
boggy,0
viva,0
b4,5
aust,0
wats,0
85023,7
bat,0
welcome,6
ec2a,5
not,22
trouble,0
strips,0
bishan,0
breakin,0
jod,0
jokin,0
chechi,0
ideal,0
tears,0
receivea,1
serious,0
bell,0
shrink,0
apeshit,0
omg,0
02085076972,1
welcomes,0
topic,0
b4u,1
lasting,0
soryda,0
08701752560,1
evaluation,0
½a,0
wellda,0
timing,0
fret,0
satisfy,1
st,2
drama,0
pleassssssseeeeee,0
530,0
recognise,0
glad,1
ppm,3
keys,0
rightly,0
solved,0
grandfather,0
fink,1
french,0
9pm,1
dec,0
wow,1
accumulation,0
msg,43
aproach,0
pract,0
memorable,0
burial,0
children,2
bedroom,1
multimedia,0
noisy,0
aeroplane,0
mu,0
profit,2
m8s,2
nearer,0
messed,0
maid,0
country,4
rem,0
hv9d,1
10k,3
goes,0
raji,0
bcm,1
vip,4
lock,0
hardly,0
sch,0
wildest,1
poem,0
spell,0
basketball,0
saristar,1
landline,22
monkeespeople,0
madurai,0
all,22
tease,0
surfing,0
thnq,1
weightloss,0
meeting,0
kilos,0
chat,34
mailbox,2
mother,0
enough,2
callfreefone,2
casing,0
2day,4
poboxox36504w45wq,1
racing,0
frndship,0
sar,0
bus,0
places,0
lambda,0
pandy,0
admin,0
trip,3
his,0
bash,0
stuff,1
flaky,0
corvettes,0
millions,0
abroad,1
celebrated,0
08002986030,1
stopcs,1
expert,0
alle,0
comprehensive,0
ppm150,1
doll,0
cudnt,0
spelling,0
ovulation,0
forget,2
volcanoes,0
token,0
moves,0
alone,3
videosound,1
kay,0
awesome,0
txttowin,2
coimbatore,0
ppt150x3,1
09064018838,1
ken,1
invite,0
jocks,1
nauseous,0
with,71
bars,0
claimcode,1
jordan,4
hustle,0
bcs,0
talk,2
84025,3
sophas,0
150p16,2
drinking,0
laying,0
working,0
unconscious,0
june,1
ans,5
tunde,0
aunts,0
swing,0
dry,0
cud,0
fusion,0
second,0
yest,0
sold,0
atleast,0
fantasy,4
ï,215
40gb,5
5digital,0
do,15
sweetheart,0
membership,1
nammanna,0
chef,0
mentionned,0
downloads,2
showers,0
varaya,0
regalportfolio,1
expect,0
hesitation,0
unmits,0
block,0
cared,0
dramastorm,0
personal,2
cuddled,0
07815296484,1
shldxxxx,0
obedient,0
1stone,0
se,0
middle,0
nimya,0
10am,5
july,1
costs,1
chickened,0
diff,0
directly,0
vote,1
boltblue,1
chicken,0
chk,0
sed,0
birla,0
youuuuu,0
countinlots,0
shant,0
functions,0
expires,7
lastest,1
sitll,0
provided,3
fidalfication,0
starts,4
medical,0
5wb,6
worse,0
tightly,0
american,0
hilarious,0
mb,0
88222,2
off,2
creativity,0
hadn,0
click,4
shoranur,0
canlove,0
wither,1
x29,1
edrunk,0
mfl,1
interesting,0
5p,1
crash,0
stupid,0
studdying,0
iff,0
____,0
08452810073,2
aren,0
dileep,0
blessings,0
42478,1
woould,0
herself,2
87121,3
wihtuot,0
entrepreneurs,0
korche,0
stick,0
adewale,0
paining,0
2lands,13
mus,0
clos1,0
mo,0
marine,0
perfect,1
tablet,0
1225,1
newspapers,0
downon,0
deficient,0
uï,1
8027,1
rent,0
hvae,1
sn,0
prompts,2
vegetables,0
mentioned,0
rpl,1
mid,2
webadres,0
responsible,1
fighting,0
jenxxx,0
pudunga,0
dinner,0
to,500
pack,0
mei,0
gray,0
hum,0
9307622,1
speechless,0
faber,0
alert,3
icic,0
blogspot,0
high,2
typical,0
ana,0
arrested,0
somewhr,0
includes,0
kegger,0
happy,0
schools,0
shitstorm,0
soladha,0
doublemins,1
89105,1
join,13
south,0
upd8,1
inch,0
always,0
trips,0
despite,0
invest,0
rip,0
smidgin,0
09071517866,1
arms,0
ranjith,0
630,0
07946746291,1
matthew,1
babies,0
87070,1
less,0
x,11
porn,4
bunkers,0
09061701939,1
confirm,1
madoke,0
yet,2
panic,0
politicians,0
joking,0
uh,0
47per,0
accomodate,0
beloved,0
dena,1
hug,0
la32wu,1
whr,0
toll,0
ny,1
neither,0
eire,2
theoretically,0
heal,0
submitted,0
members,2
7250,1
fave,0
near,0
complete,0
83370,1
among,2
09061221061,1
says,0
admirer,7
5we,5
watevr,0
jo,0
yalru,0
4th,0
ours,0
bf,0
lesson,0
thy,0
jeans,0
5wq,1
dime,0
chasing,0
saying,0
definite,0
shoes,0
arsenal,1
cell,0
9153,1
liquor,0
fulfil,0
infra,0
back,19
50p,7
regretted,0
poking,0
2309,1
gin,0
windy,0
nicky,0
bleh,0
reserve,0
odalebeku,0
away,2
quiz,13
hill,0
ore,0
euro2004,5
charges,1
affections,0
smith,1
operate,0
unconsciously,0
08707509020,6
jorge,1
september,0
mahaveer,0
je,0
sake,0
dammit,0
handset,2
goto,4
inviting,1
elama,0
fuckin,0
enuff,0
dismay,0
true18,1
dnt,0
gate,0
franyxxxxx,0
drivby,0
jot,0
beehoon,0
hai,0
contacts,0
um,0
detail,0
repairs,0
oreo,0
leo,0
09061749602,1
bbc,1
neighbors,0
paragon,0
nap,0
intentions,0
wasting,0
09058097189,1
awake,0
tank,0
tell,11
08712300220,3
steed,0
mack,0
cost,19
cabin,0
08002988890,1
darlin,0
catches,0
idc,0
havin,1
clash,0
practising,0
inshah,0
muchand,0
01223585334,2
08712103738,1
begins,0
30ish,0
anyhow,0
puzzeles,0
jp,0
friday,0
09066358361,1
for,132
parents,0
drunkard,0
ow,1
prashanthettan,0
09064012103,1
wind,0
brown,0
phasing,0
groovy,0
reflection,0
4wrd,0
ibn,0
actin,0
eerulli,0
old,2
distance,0
compromised,0
wn,0
disconnect,0
hack,1
hockey,1
fullonsms,0
lovely,0
hypotheticalhuagauahahuagahyuhagga,0
buyers,0
interested,1
result,0
chain,0
cr9,6
08718725756,1
coca,1
08000407165,2
ipads,0
cali,0
journey,0
andrews,0
rich,0
romantic,1
fifth,0
quizzes,0
ibhltd,2
08000930705,8
begun,0
padhe,0
weekend,4
claypot,0
std,8
sen,0
level,0
craziest,0
mornings,0
nor,0
h,0
fujitsu,0
coming,0
afraid,1
freek,0
executive,0
accidant,0
uniform,0
beerage,0
shitin,0
witout,0
½2,10
wheel,0
depends,0
entropication,0
overtime,0
losing,0
harri,0
helpful,0
chase,0
cinema,3
lnly,1
c52,2
85069,2
breathe,0
complementary,1
living,1
callers,0
dracula,2
springs,0
tenerife,7
toledo,0
g2,1
monday,0
belligerent,0
payment,0
wendy,0
olage,0
excited,0
incredible,1
investigate,0
145,2
filled,0
egg,0
rubber,0
cnupdates,1
jokes,0
felt,0
gravity,0
ass,0
dream,3
gobi,0
wipe,0
nature,0
87066,9
instant,1
questions,5
listener,0
so,20
08712400200,1
make,8
anywhere,0
rewarding,0
non,0
experiment,0
4mths,3
taxi,0
carryin,0
under,0
situation,0
fancy,8
porridge,0
wt,0
6230,1
x49,1
connection,0
09063458130,2
asshole,0
that2worzels,0
88088,2
currently,8
befor,0
girls,2
babes,2
80122300p,1
61,0
pataistha,0
txtin,3
thought,1
mayb,0
superb,1
mite,0
cnn,0
12hours,1
gym,0
comedy,0
training,0
labor,0
thecd,0
xxxxx,0
shracomorsglsuplt,1
mt,1
practical,0
worrying,0
splendid,0
lot,0
come,2
excuses,0
pobox12n146tf150p,1
free2day,2
dict,0
across,0
½48,0
aom,2
onam,0
09058094454,1
icky,0
luvs,0
fats,0
bangbabes,1
150p,57
everyso,0
ya,1
2c,2
w,3
neva,0
que,0
chinatown,0
flim,0
city,3
workin,0
postcode,2
08704439680ts,1
digital,5
lie,0
tok,0
finance,0
links,0
dock,0
hallaq,0
lighters,0
thx,0
psychiatrist,0
kallis,0
dabooks,0
maintain,0
parco,0
sometme,0
per,35
vewy,0
aeronautics,0
urination,0
champneys,1
activate,5
let,4
box42wr29c,1
messages,11
belly,0
continue,0
paragraphs,0
sue,2
s89,1
php,2
dick,1
blown,0
wishing,0
grumpy,0
kicks,0
sib,0
learned,0
catching,0
sighs,0
0825,1
healer,0
favour,0
confirmd,0
guarantee,1
hrs,1
y,0
stop2,1
barred,0
nope,0
300603,1
4041,1
commercial,0
down,1
reflex,0
88877,2
ive,0
edge,0
hari,0
know,21
dessert,0
beggar,0
rd,0
½ï,6
evo,0
willing,1
07786200117,2
plural,0
files,0
bathe,0
gravel,1
kadeem,0
cornwall,1
guilty,0
hours,2
16,40
postal,0
ethnicity,0
nb,0
blind,2
09050000555,1
greet,1
like,9
thew,0
monster,0
throws,0
natural,0
alfie,2
daily,3
omw,0
privacy,1
that,21
09,2
bcm1896wc1n3xx,2
push,0
aunty,0
squeeeeeze,0
playing,0
by,27
600,1
ere,0
arent,0
09061701851,1
lions,1
questioned,0
noe,0
tt,0
itz,0
birds,1
bluetoothhdset,1
m,15
downloaded,1
2end,2
user,3
deepak,0
purchases,0
night,4
nervous,0
watches,0
magicalsongs,0
gn,0
battery,0
faglord,0
hittng,0
dollars,0
lies,0
gang,0
sun,0
786,2
½1250,2
meat,0
panicks,0
½s,1
yay,0
staring,0
mobile,75
31,2
performance,0
750,10
nick,1
whoever,0
cooped,0
bray,2
hectic,0
sextextuk,1
lady,0
gudni8,0
daywith,0
ericsson,0
related,0
23f,1
giggle,0
costa,3
cutest,0
thnk,0
copied,0
turn,0
87239,3
unemployed,0
bundle,1
449050000301,1
81303,3
tx,0
lara,0
house,0
canary,1
outside,0
swoop,0
equally,0
roles,0
symbol,1
7pm,5
guys,5
belovd,0
oreos,0
lionm,1
09065394514,1
breakfast,0
2exit,1
deposit,0
2814032,1
dating,12
installing,0
gona,0
pocketbabe,3
payments,0
tacos,0
disc,0
pete,1
reppurcussions,0
wifes,0
jap,0
lemme,0
punch,0
xafter,1
attractive,0
ntwk,2
impressed,0
bmw,0
officially,0
presence,1
bruce,0
5000,3
jen,0
rememberi,0
monoc,1
½79,1
fifty,0
jack,0
claim,80
4882,1
flea,0
rule,0
use,6
maruti,0
justbeen,0
97n7qp,1
envy,0
outrageous,0
j,1
anot,0
starring,0
payoh,0
½leafcutter,0
has,20
compass,0
finished,0
opinion,0
crushes,0
sundayish,0
09066660100,1
oble,0
closed,0
sleep,0
window,0
unkempt,1
malaria,0
unable,1
trains,0
invoices,0
aiyah,0
vasai,0
arm,0
brdget,0
08715705022,2
butt,0
yaxx,0
89034,1
pen,0
telephonic,0
degree,0
post,2
vivek,0
waqt,0
review,4
dirty,1
62468,2
definitely,0
accenture,0
faith,0
asap,6
brilliantly,0
unconditionally,0
authorise,0
convenience,0
childish,0
excellent,0
lesser,0
stitch,0
demand,0
wonderful,0
poo,0
lag,0
cutefrnd,0
independence,0
angry,0
emailed,0
warming,0
castor,0
girlie,0
9061100010,1
houseful,0
scratching,0
biggest,2
accommodation,1
yifeng,0
scared,0
hoping,0
08719899217,1
faster,1
rugby,0
kick,2
karaoke,1
mk45,2
gail,0
toot,0
xxxx,0
hmv1,1
phne,0
brother,1
settling,0
wish,2
rang,0
regards,0
x2,0
lingo,0
buddys,1
tata,0
late,1
exist,0
z,0
wetherspoons,0
underwear,0
fr,0
1,41
league,0
stuffed,0
ldew,7
throw,0
2price,1
2morrow,0
sea,0
itself,0
courageous,0
the4th,0
irritated,0
what,16
½harry,2
stands,0
beforehand,0
o2,3
bellearlier,0
number,17
held,1
mins,19
08712466669,1
obviously,0
onwards,0
nyt,3
wrote,1
til,0
thesedays,0
½2000,17
unspoken,0
swell,0
6ish,0
libertines,1
mutai,0
events,0
idu,0
finish,0
08006344447,1
london,1
keeps,0
meds,0
hussey,0
tree,0
lousy,0
major,0
smiling,0
place,5
ummma,0
restock,0
minuts,0
dha,0
november,1
blimey,0
voda,3
neck,0
oli,0
question,4
intend,0
energy,2
realize,1
jamz,1
buns,0
based,0
pimples,0
08712404000,1
many,3
inclusive,3
signing,0
chik,1
invnted,0
08702490080,1
ntt,9
m60,1
representative,6
green,0
cooking,0
hitman,0
cos,0
receive,21
charming,0
possibly,0
uin,0
anyplaces,0
standing,0
1000s,3
moments,0
cannot,0
rob,0
83110,1
hate,0
wkend,0
shampain,0
transfer,0
grave,0
nuerologist,0
ad,0
28,4
coveragd,0
balance,7
tlp,3
indyarocks,0
lv,0
greece,0
lk,0
flippin,0
unlimited,6
jaya,0
sentiment,0
sex,6
recovery,0
def,0
vary,5
risks,0
usc,0
sell,1
tescos,0
spoil,0
fine,0
id,1
fooled,0
prediction,0
ready,2
txt82228,2
icon,0
tiger,1
table,0
action,3
glorious,0
doing,0
golden,0
twelve,0
topped,1
salon,0
strokes,1
stamps,0
necessarily,0
shipped,0
olol,0
net,12
chaps,1
beg,1
name1,2
appendix,0
basket,0
happily,0
mc,0
premier,2
wright,0
bath,0
hg,10
stamped,2
answering,0
halloween,2
invited,4
huh,0
urself,0
021,1
side,0
expressoffer,2
desparately,0
piah,0
maggi,0
entirely,0
disturbance,0
rvx,0
birth,0
400mins,1
successfully,0
den,0
opted,0
samantha,0
remb,0
mike,0
brah,0
lancaster,0
slippers,0
knew,0
needing,0
professors,0
50perwksub,3
050703,2
being,3
callon,0
cocksuckers,0
pobox1,1
giv,0
annoying,0
1winaweek,2
almost,0
iwas,0
cried,0
walkin,0
paris,4
normally,0
sorrows,0
gudnyt,0
hire,0
keen,0
nigeria,0
behind,0
norm,2
call,233
09071512433,2
09058099801,2
jsco,2
j89,1
banter,0
homeowners,3
chance,22
toss,0
baaaaabe,0
120p,1
utter,0
handed,0
yam,0
onbus,0
soooo,0
guide,0
mistakes,0
bird,0
yeah,1
interviews,0
subscribed,2
ym,0
shortly,2
pobox365o4w45wq,1
doesn,0
09058094597,1
talents,0
bian,0
smarter,0
verifying,0
b4280703,2
deleted,0
bridal,1
exhibition,0
railway,0
mobiles,7
millers,0
acl03530150pm,2
done,2
shelves,0
praveesh,0
they,13
missing,0
call09050000327,2
fring,0
w1,4
memory,0
lots,1
xxxmobilemovieclub,2
selling,1
favourite,0
only,60
rawring,0
belongs,0
rays,0
father,0
appreciated,0
box434sk38wp150ppm18,1
09050000301,1
eg,9
minnaminunginte,0
computational,0
randomly,0
ignorant,0
thus,0
youphone,0
person,0
exeter,0
bslvyl,0
fredericksburg,0
basic,0
7oz,0
box334,1
october,0
custcare,8
condition,1
wednesday,0
d,5
rct,1
requirements,0
contact,39
laughed,0
os,0
beth,0
delicious,0
tsandcs,2
ummifying,0
bbq,0
wtf,0
display,0
sorry,3
tmorrow,0
lovin,0
quickly,0
workout,0
named,0
nanny,0
corrct,0
increments,1
casualty,0
harry,2
lead,0
tyler,0
united,1
screamed,0
aspects,0
he,0
coughing,0
twat,0
evrey,0
could,5
able,0
ending,5
return,1
celeb,3
gibbs,0
2stoptx,1
searching,0
vague,0
charlie,0
someday,0
anand,0
brings,0
wks,0
networks,3
deltomorrow,1
restaurant,0
jerry,0
philosophy,0
jolt,0
name,8
salary,0
apo,0
400,1
9ja,0
congrats,6
08712402050,1
fedex,0
fellow,0
bought,1
scream,0
lays,0
gnun,0
ls1,1
ordered,2
danger,0
signin,0
uterus,0
ho,0
goin2bed,0
pours,0
silver,0
damn,0
ccna,0
2channel,1
shortcode,1
48,0
priya,0
month,7
sth,0
lark,0
oclock,0
order,11
ambitious,0
studentfinancial,0
bit,0
vl,0
neshanth,0
students,0
photos,0
alter,0
these,1
placement,0
horniest,1
afternoon,0
soc,0
effect,0
plans,0
in,60
sam,3
pï,1
avenge,0
concentrating,0
0845,2
desparate,0
dehydration,0
interfued,0
charge,6
esplanade,0
ffffffffff,0
parchi,0
6pm,0
4w,0
lool,0
sankranti,0
sutra,0
have,93
dobby,0
checkin,0
payed,0
ls278bb,1
wthout,0
goin,0
0430,1
450p,1
teeth,0
aiyar,0
brownies,0
rto,0
musical,0
intro,0
aretaking,0
except,0
impress,0
freely,0
huai,0
govt,0
pooja,0
purpose,3
ivatte,0
strongly,0
2go,0
8714714,1
tie,0
laugh,0
meaning,0
g696ga,2
returning,0
goodnite,0
pesky,0
greatness,0
lovingly,0
ate,0
tyrone,4
wap,9
likeyour,0
police,0
outages,0
2yr,1
dislikes,0
desires,0
freezing,0
champlaxigating,0
tim,0
aï,1
conected,0
roommates,0
meant,0
shoving,0
n,6
nipost,0
field,0
dusk,0
oil,0
present,0
brighten,0
massage,0
vettam,0
taught,0
postponed,0
hills,0
ikea,0
hardest,0
added,0
please,39
½ham,0
30pp,1
improved,2
ne,0
amy,0
nowadays,0
150pm,4
of,70
5free,1
09061701444,1
3gbp,2
companion,0
fab,0
relax,0
everythin,0
como,0
angels,0
havnt,0
intha,0
hello,4
dirt,0
lifeis,0
curry,0
spoilt,0
driver,0
cuddle,0
floating,0
used,1
profiles,0
aids,0
textcomp,2
½ve,0
xxxxxxxx,0
seriously,0
completed,0
0870241182716,2
29,1
calicut,0
division,0
oni,0
evng,0
borrow,0
login,3
sitter,0
transferred,1
praying,0
responding,1
tue,0
min,26
000pes,0
0quit,0
seen,0
nasty,1
establish,0
struggling,0
wan2,1
fear,0
escalator,0
souveniers,0
flow,0
hf8,1
tune,1
448712404000,1
building,0
cousin,0
gotten,0
nus,0
smth,0
09066382422,1
blank,0
instructions,2
atlast,0
desperate,0
2nhite,0
pobox12n146tf15,1
long,0
nydc,0
youi,0
turns,0
hunks,1
traditions,0
march,0
hon,0
although,0
name2,2
med,2
fights,0
driving,2
semi,0
gud,0
gets,0
en,0
½ll,0
08718727868,2
toothpaste,0
m26,2
feb,1
09050000878,1
best,5
may,6
updat,0
ibuprofens,0
determined,0
whore,0
447801259231,1
2morow,1
ias,0
bootydelious,2
imagination,0
happens,0
reservations,0
hsbc,0
pose,0
bfore,0
bettr,0
box326,2
section,0
booking,1
owo,0
national,14
impressively,0
didnt,0
nosy,0
reminded,0
olowoyey,0
85222,1
even,4
hall,0
offers,8
frndshp,0
fill,0
dd,0
drum,0
effects,0
cancer,0
needs,1
costumes,0
ground,0
tcs,3
season,0
biz,4
necesity,0
box385,1
ref,3
sd,0
networking,0
gifts,0
9yt,1
vegas,0
ente,0
ello,0
safety,0
rebtel,0
ì¼1,1
ago,0
textoperator,3
show,2
dlf,0
intelligent,0
days,8
expression,0
sometimes,0
india,0
dippeditinadew,0
kudi,0
youwanna,0
yourjob,0
alternative,0
½71,1
hand,0
cl,0
wylie,0
blonde,1
08702840625,2
fastest,1
annie,0
dob,1
story,0
b,7
ihave,0
envelope,2
wamma,1
08002986906,2
calm,0
outl8r,0
09111030116,1
0870753331018,1
ned,0
50pm,1
ahold,0
40,2
safe,0
replacing,0
tul,0
savamob,11
galileo,0
licks,0
sunday,0
potato,0
drivin,0
smartcall,1
mahal,0
fishrman,0
fans,1
package,1
church,0
unhappiness,0
rgent,1
spaces,0
ugh,0
tenants,3
walsall,0
senthil,0
mth,1
board,0
150ppmpobox10183bhamb64xe,1
allowed,0
costï,3
reserved,0
director,0
jaykwon,0
23g,1
odi,0
killed,0
avalarr,0
west,0
xxxxxxx,0
fifa,1
warned,0
recorded,0
slap,0
tlk,0
facts,0
totally,0
develop,0
stoptxtstopï,1
picked,0
ve,8
jesus,0
nt,1
skins,1
olympics,1
immediately,4
bend,0
rather,0
box403,1
twenty,0
lou,0
munsters,2
realizes,0
standard,4
dai,0
taste,0
frog,1
sh,0
andros,0
weak,0
svc,1
cttergg,0
sim,2
server,0
mindset,0
gettin,2
transfred,0
expensive,0
merememberin,0
wavering,0
wizzle,0
its,4
pretty,0
schedule,1
flirt,4
dr,0
illspeak,0
anniversary,0
madstini,0
buffet,0
07090298926,1
woul,0
credits,7
cab,0
thasa,0
pairs,0
twittering,0
08000938767,3
isn,0
leadership,1
yummy,0
swtheart,0
nitz,0
gal,0
shot,0
sary,0
4u,3
mumtaz,0
pieces,0
supports,0
stdtxtrate,1
fault,0
joanna,0
soft,0
grown,0
financial,0
cust,3
u4,3
mag,0
roses,1
chez,0
afford,0
piece,0
boston,0
08707808226,1
lul,0
rules,0
logos,2
sack,0
doesnt,0
edison,0
26th,1
getiing,0
log,3
onum,0
0,1
hyde,0
09050000928,1
suggest,0
swimsuit,0
ifink,0
matches,7
reffering,0
nearly,1
suganya,0
outdoors,0
foundurself,0
30pm,0
fundamentals,0
2waxsto,0
gaytextbuddy,2
super,1
sugar,0
class,2
advice,0
spatula,0
message,24
library,0
09050003091,2
adi,0
co,38
liao,0
me,23
amla,0
wisdom,0
t,63
around,2
fireplace,0
sdryb8i,0
nagar,0
09064019788,1
jackpot,1
joys,0
stifled,0
leonardo,0
tv,8
18,40
organise,0
earning,0
vargu,0
hiding,0
2006,1
faggy,0
flying,0
wondarfull,0
rejected,0
nite,0
starwars3,3
ctla,0
nit,0
urgoin,0
notifications,1
xxxxxx,1
sonathaya,0
lennon,0
large,1
juz,0
missed,1
spontaneously,0
discount,9
web,2
minmoremobsemspobox45po139wa,2
scorable,0
february,0
m221bp,1
amrita,0
rwm,1
7th,0
wil,0
ni8,0
prakesh,0
maretare,0
strtd,0
mean,0
spile,0
passport,0
athletic,0
busy,0
08719181503,1
lakhs,0
misplaced,0
dust,0
vaguely,0
yowifes,0
lt,0
chg,1
audrey,0
sends,0
sorta,0
sleeps,0
wall,0
31p,2
200p,1
4msgs,1
bang,0
okay,0
take,11
jackson,0
tension,0
chgs,1
din,0
starting,2
lane,0
wed,1
christians,0
thanks,11
knows,1
coping,0
sambar,0
cheese,0
dimension,0
69888,2
filthyguys,1
moved,0
stops,0
gloucesterroad,0
uncles,0
every1,0
stop,80
3miles,0
c,35
tonights,1
1000,6
everyone,2
simple,0
yar,0
mids,0
phone750,1
protect,0
trying,12
shake,0
gpu,0
6th,0
pokkiri,0
frosty,0
recycling,0
guy,0
08706091795,2
fals,0
hahaha,0
100percent,2
hook,0
dane,0
lkpobox177hp51fl,1
easy,7
finn,0
planned,0
lovable,0
neighbour,0
stream,1
apparently,0
28thfeb,1
lar,0
nd,0
openin,0
cheek,0
bec,0
heavy,0
into,5
macs,0
cer,0
last,9
pple,0
upgrdcentre,1
popping,0
08717168528,1
ldnw15h,2
shaking,0
paracetamol,0
covers,0
10,9
baby,1
moji,0
alwa,0
nasdaq,1
locations,5
mmsto,1
yuou,0
requests,1
6days,2
l8rs,0
slo,2
prix,0
yogasana,0
rofl,0
ru,0
minecraft,0
solve,0
wahala,0
1680,0
ros,0
tomarrow,0
touched,0
jenny,0
eppolum,0
plz,0
terrorist,0
expiry,1
weaknesses,0
reaction,0
phb1,1
celebrations,0
everywhere,0
1pm,0
up,17
lasagna,0
4,89
page,1
realized,0
deliver,0
mood,0
cantdo,0
hundreds,0
½t,0
steering,0
worlds,1
reverse,0
wet,2
readers,2
82050,1
jez,0
few,0
honeymoon,0
avent,0
½1million,1
hor,0
sms,25
addamsfa,2
945,0
lovejen,0
½braindanceï,0
deserve,0
personality,0
hypertension,0
hero,0
alrite,0
strain,0
hunny,0
4the,0
speed,1
arcade,2
matrix3,3
wishes,0
smoke,0
consider,0
fifteen,0
inr,0
boye,0
otherwise,0
texted,0
cereals,0
unbreakable,1
panren,0
lap,0
prize,66
community,2
played,2
kerala,0
sac,0
watching,0
lifetime,2
air,0
drive,0
finishes,0
hugs,0
bites,0
09065989182,1
41782,1
workand,0
chosen,1
appropriate,0
dumb,0
sayy,0
askd,0
describe,0
uv,0
money,3
running,1
wherevr,0
wedding,1
subscriptn3gbp,1
stoners,0
rp176781,1
conserve,0
exercise,0
65,0
bk,0
once,0
melody,0
exams,0
nuclear,0
monkey,0
bajarangabali,0
social,0
specific,0
accidentally,0
airtel,0
above,0
buy,2
wheellock,0
bcmsfwc1n3xx,1
wherever,0
numbers,5
b4190604,2
9ae,2
base,0
juan,0
occupied,0
endof,0
bags,0
m263uz,4
disappeared,0
slob,0
anti,0
tattoos,1
regarding,0
box177,1
prince,0
dwn,0
rupaul,0
involve,0
ava,0
want,19
concert,1
closes,0
fa,4
occupy,0
kama,0
sry,0
auntie,0
bhayandar,0
u2moro,0
tool,0
multis,0
l8tr,0
2moro,1
coaxing,0
game,3
mmmmmm,0
carlie,1
rg21,1
professional,1
line,24
cheat,0
forgiven,0
miracle,0
lightly,0
amazing,2
innings,0
unsold,0
ubi,0
spoke,0
3aj,1
removed,1
cultures,0
hmv,7
pile,0
term,2
visiting,0
cares,0
diamonds,0
useful,0
vomitin,0
picking,0
twins,0
mode,0
2mwen,0
configure,0
shopping,5
concerned,0
posted,0
yen,0
pickle,0
robs,0
sat,1
putting,0
mila,1
confidence,0
round,1
nora,0
leave,2
zyada,0
thk,0
doin,0
basq,0
09061104276,1
petey,0
showed,0
resume,0
ke,0
theres,0
doubles,1
market,0
sensitive,0
scary,0
gods,0
sapna,0
novelty,0
sink,0
08712400603,1
reunion,0
worthless,0
raj,0
gift,12
dependable,0
difference,0
txtstar,1
helpline,2
usually,0
disturbing,0
cut,0
brought,2
air1,0
blessing,0
dressed,0
hudgi,0
shade,0
car,0
move,0
won,54
jada,0
recent,3
cuck,0
mojibiola,0
gep,0
voucher,13
08712402972,1
camcorder,8
sis,0
cutie,0
invaders,1
phoenix,2
stopbcm,1
hop,0
top,13
jurong,0
w14rg,1
crashing,0
69855,1
phoned,0
pub,1
insects,0
spiffing,0
song,2
honestly,0
bookmark,1
fudge,0
charged,9
ignore,0
cash,55
studio,0
business,0
star,2
69969,1
elsewhere,0
com,37
bx420,4
january,1
hopeful,0
sore,0
companies,1
sonetimes,0
mathe,0
bras,0
bugis,0
calld,0
bluff,0
08712405022,2
morning,0
brainless,0
helloooo,0
activities,0
kid,0
rinu,0
bathroom,0
wild,1
nver,0
80160,1
07880867867,1
mone,0
score,0
tahan,0
dozens,1
pierre,0
secret,7
mathematics,0
url,0
congratulations,12
door,1
several,0
just,59
hm,0
oh,1
safely,0
kent,0
sounds,1
mind,1
bedbut,0
reg,0
dad,0
burning,0
k52,2
skyped,0
5min,0
granted,0
using,1
subs16,2
canada,0
nothing,2
4get,0
suite342,13
rec,0
gifted,0
followin,0
directors,0
1hr,0
support,0
nearby,0
atrocious,0
reslove,0
playng,0
mmmm,0
don,8
laid,4
hillsborough,0
orchard,0
weaseling,0
showing,0
loses,0
further,3
urmom,0
ex,0
pocy,0
chances,2
shd,0
venaam,0
88600,3
ice,1
batchlor,0
remixed,0
breathe1,1
o,1
0870,6
ability,0
ques,0
tells,2
understanding,0
buyer,0
differ,0
insha,0
woman,1
busetop,0
together,0
downs,0
087016248,1
subscribe,1
grief,0
0870141701216,1
na,0
person2die,0
rightio,0
lyfu,0
finishing,0
maangalyam,0
satanic,0
0800,9
169,1
hear,3
tscs,2
body,0
highest,1
smiley,0
lecture,0
tmorow,0
bills,0
rise,0
copy,0
provider,0
glo,0
taxt,0
married,2
challenge,0
tonight,2
quick,0
room,0
vatian,1
northampton,0
set,1
worried,0
goggles,0
crickiting,0
breather,0
poet,0
accident,0
ofï,2
½1,37
promotion,1
ertini,0
sweets,0
sweetie,0
more,23
eurodisinc,1
09053750005,1
snake,0
quiet,0
feelingood,0
yetty,0
bloody,0
dang,0
mobsi,1
rowdy,0
08700469649,1
tones,21
uptown,1
biro,0
idiot,1
put,1
hanumanji,0
ishtamayoo,0
their,1
4a,0
carlos,0
burnt,0
hangin,0
goodies,1
hope,4
fix,0
ful,0
sheets,0
buses,0
weddin,0
tot,0
guesses,0
really,1
wrk,0
toa,0
6ph,0
tosend,0
ams,0
0125698789,0
leona,0
italian,0
necessity,0
threw,0
monkeys,0
wait,2
505060,1
somewheresomeone,0
itï,0
forwarded,4
allah,0
fire,0
blog,0
dvd,6
appeal,0
iscoming,1
yavnt,0
330,0
video,20
catch,0
hes,0
crucial,0
buzy,0
auto,0
siva,0
ee,0
rtm,0
slide,1
secretly,2
box97n7qp,3
goodevening,0
was,5
someone,11
toughest,0
dun,0
pos,0
praps,0
gf,0
does,3
caring,0
ba,0
nosh,0
considering,0
astne,0
personally,0
choose,7
intrepid,0
free,158
1im,0
forevr,0
hopefully,0
tuesday,0
accordingly,0
maaaan,0
surya,0
misscall,0
dismissial,0
anal,0
fps,0
blocked,0
rally,2
cause,0
gotany,0
ovarian,0
test,0
bleak,0
dats,0
search,2
parachute,0
content,11
14thmarch,1
pattern,0
argue,0
cnl,1
dont,10
housing,0
542,3
advising,0
made,1
mac,0
realy,0
box61,1
eh,0
prices,0
food,0
½350,5
½ûªt,0
chest,0
xxxxxxxxxxxxxx,0
fathima,0
87131,3
maxï,2
391784,1
alright,0
alwys,0
steamboat,0
there,10
anyone,1
usual,0
114,3
items,0
thia,0
english,0
2wt,2
horo,2
ups,0
rounds,0
02,6
gap,0
lookatme,2
bahamas,4
cosign,0
nav,0
nevering,0
simulate,0
traveling,0
ymca,1
news,7
marrge,0
amount,0
thread,0
korte,0
slovely,0
yhl,1
daaaaa,0
09063440451,1
easiest,0
significance,0
screwd,0
entire,0
tues,0
fox,0
ey,0
supreme,0
raping,0
mrt,0
nobody,0
selection,3
index,1
shaping,0
50gbp,2
skype,0
poker,0
retrieve,2
mths,1
embarassed,0
subscription,2
ur,109
assume,0
witot,0
edition,0
wondar,0
went,0
latr,0
refreshed,0
contents,0
cld,0
ah,0
sunroof,0
dropped,0
someplace,0
wrnog,0
luck,5
tirupur,0
mf,1
broad,0
sunny,0
horrible,0
sexy,15
shagged,2
telling,0
webpage,0
kg,0
finding,0
snoring,0
spl,0
½_,0
quote,1
eyes,0
derek,0
trainners,0
explain,0
gbp,3
eighth,0
upping,0
zaher,0
everyday,0
shell,0
cheers,0
years,7
through,0
peace,0
habba,0
creepy,0
successful,0
saucy,3
yeh,0
ls15hb,2
88066,3
08718711108,1
well,3
previews,0
rply,4
11,4
voicemail,3
28days,1
konw,0
dosomething,0
matters,0
sariyag,0
yetunde,0
format,0
imf,0
self,2
arul,0
pases,0
kidding,0
fair,0
music,14
charity,6
60p,3
80086,2
gardener,0
nan,0
greeting,0
overheating,0
thriller,0
evrydy,0
panasonic,1
1146,1
surprised,0
movie,1
himself,0
5ish,0
shinco,1
preschoolco,0
anythingtomorrow,0
site,0
defo,0
hospital,0
morphine,0
experience,0
revision,0
taxless,0
kinda,1
birthdate,0
nxt,0
swap,1
property,0
complexities,0
technologies,0
moseley,0
selfish,0
kittum,0
donï,0
resend,0
txts,9
inside,0
maps,0
korean,0
½it,1
processed,0
miles,0
cloth,0
mr,1
riley,0
empty,0
individual,0
sayin,0
gdeve,0
incomm,0
tunji,0
straight,2
cdgt,1
axis,0
other,4
forwarding,0
formatting,0
max6,1
hogidhe,0
clark,0
shining,0
bambling,0
bsnl,0
owe,0
conducts,0
09058095107,1
box95qu,2
grahmbell,0
speciale,1
flies,0
problem,0
peaceful,0
erode,0
world,1
howdy,0
daddy,0
shock,1
3d,0
dis,1
alive,0
cal,1
loving,0
07090201529,1
warning,0
howu,0
from,92
messaging,2
download,2
argentina,0
stomps,0
forfeit,0
blanked,0
bakra,0
200,2
lvblefrnd,0
plaid,0
ba128nnfwfly150ppm,1
an,13
swatch,0
dearer,0
08718726971,1
stretch,0
text82228,1
taylor,0
09061701461,1
land,15
scenery,0
probthat,0
newsletter,1
ab,1
online,0
avoiding,0
bigger,0
mmmmm,0
dog,0
starshine,0
also,3
bucks,0
lazy,0
jsut,0
naked,1
burn,0
tarot,1
anyways,0
papers,0
oyea,0
cro1327,1
jeetey,0
2getha,0
whilltake,0
recently,1
wrc,2
drunk,0
08704050406,1
difficulties,0
speak,8
lik,0
temper,0
inspection,0
james,1
kicchu,0
where,2
videophones,2
textin,0
09058094594,1
took,0
selected,16
errors,0
flowing,0
crazy,2
sign,2
a30,0
dose,0
leanne,0
thekingshead,0
alot,0
dignity,0
wahay,0
tex,0
oru,0
doctors,0
amongst,0
http,14
calls,10
toshiba,0
send,52
burrito,0
4jx,1
t4get2text,0
sacked,0
happier,0
water,0
unusual,0
follow,2
explosive,1
developer,0
nutter,0
hee,0
warranty,1
mk17,2
paths,0
than,2
anthony,0
nah,0
juicy,0
newquay,0
pic,11
age,8
08718730666,1
okmail,1
upto,2
specially,6
toxic,1
halla,0
spark,0
0870737910216yrs,1
backdoor,1
tiwary,0
3pound,1
announced,0
del,3
grl,0
buzz,0
atural,0
prayers,0
ditto,0
pig,0
seven,0
laxinorficated,0
derp,0
08719180248,2
drops,0
goodnight,0
gentleman,0
console,1
award,17
wanting,1
reach,5
annoyin,0
knw,0
such,0
theyre,0
stopsms,1
shut,0
six,2
smsco,2
tonite,0
bank,1
forum,0
regular,1
packs,1
teasing,0
cstore,0
ones,0
maybe,0
tariffs,3
clocks,0
lapdancer,1
deduct,0
icmb3cktz8r7,1
irene,0
cleaning,0
sae,12
wesleys,0
bhaskar,0
them,0
11pm,2
07821230901,2
a,259
often,0
outstanding,0
neo69,1
2stop,1
ramaduth,0
weekly,20
soup,0
partner,5
3030,4
foreign,0
advance,0
every,26
evenings,0
act,0
phone,33
cartons,0
happenin,0
xy,0
this,58
wined,0
goodmorning,0
08701237397,1
tape,0
themed,0
loans,0
telphone,0
2stoptxt,1
stocked,0
tough,0
09058094599,1
position,0
gamestar,2
cross,1
½llspeak,0
occur,0
dreams,0
disclose,0
dot,2
eat,0
response,1
left,0
ctter,0
restocked,0
tarpon,0
drink,0
colours,0
abeg,0
sochte,0
reveal,9
infront,0
09066358152,2
82242,2
kvb,0
innu,0
ipad,0
sunoco,0
smokin,0
embassy,0
creative,0
arabian,0
vomit,0
machines,0
pillows,0
mon,0
truffles,0
sad,0
key,0
collected,2
weirdy,0
respect,0
aka,0
9755,1
tomeandsaid,0
grinule,0
walmart,0
4my,0
heï,0
promise,0
teju,0
hp,0
yarasu,0
2rcv,1
g,8
expected,0
3xï,1
pavanaputra,0
vpod,1
darlings,0
aig,0
nighters,0
cum,5
12mths,2
marsms,1
stop2stop,1
ringtoneking,2
weddingfriend,1
propose,0
usher,2
hppnss,0
hep,0
password,3
lunch,0
ha,0
cheetos,0
propsd,0
meow,0
remove,2
stuck,0
goods,0
tui,0
srs,0
sexual,1
3650,1
pros,0
seh,0
pap,0
ternal,0
force,0
crack,0
floor,0
understand,0
hunt,0
fixed,1
biola,0
disasters,0
tortilla,0
prem,1
okie,0
talked,0
front,0
cool,1
woozles,0
kano,0
arguments,0
point,0
summer,4
dogbreath,0
09050000460,1
rstm,1
sounding,0
wen,0
husband,0
shouting,0
bettersn,0
msg150p,1
ldn,8
soundï,0
discussed,0
ie,0
clock,0
disk,0
comingdown,0
remains,0
settle,0
fuck,0
reasons,0
new,48
scallies,1
throwing,0
jungle,0
marketing,1
turned,0
goodo,0
curious,0
beta,0
20m12aq,1
pass,3
usa,1
slaaaaave,0
decking,0
maturity,0
nordstrom,0
elephant,0
kept,3
app,3
www,63
himso,0
nalla,0
terry,0
creep,0
minus,0
sabarish,0
350,2
important,5
stereophonics,1
include,1
fraction,1
08712405020,3
loads,1
rajini,0
stayin,0
burns,1
hot,11
takes,3
447797706009,2
09065989180,1
yes,11
internet,1
83332,1
photo,2
tscs087147403231winawk,3
joy,0
09066368327,1
oranges,1
unfolds,0
08715500022,1
timin,0
ax,0
significant,0
flower,2
ph,2
westshore,0
planet,0
urn,0
mandan,0
08714714011,1
walkabout,0
george,2
doug,0
doggy,0
frnt,0
practicum,0
enjoyin,0
21,2
86688,16
al,0
44345,1
wouldn,0
kavalan,0
hotmail,0
chad,0
spirit,0
dryer,0
phyhcmk,0
impatient,0
max10mins,2
tootsie,0
japanese,0
mymoby,1
mad,0
bruv,0
ridden,0
jolly,0
billed,1
82277,5
swt,0
tampa,0
ag,1
anytime,8
09065174042,2
wanna,8
connections,0
09701213186,1
fantasies,4
couldn,0
foley,1
noncomittal,0
statements,0
07,2
brin,0
samachara,0
2nd,13
great,4
suzy,1
easter,1
connected,1
69876,1
means,0
tolerat,0
stubborn,0
responsibility,0
check,2
pleasant,0
logo,5
stool,0
actor,0
minutes,3
machan,0
movies,0
523,1
feels,0
wot,0
yo,3
69698,2
ebay,0
tired,0
narcotics,0
quit,0
beers,0
paranoid,0
tall,0
artists,1
½7,2
asjesus,1
mall,0
happen,0
allo,0
matter,0
difficult,0
08714712388,1
pobox114,1
accomodations,0
yor,0
light,0
things,1
dawns,0
930,0
adults,0
lucozade,2
poured,0
o2fwd,1
presents,0
6,6
wkly,9
reliant,0
plaza,0
jiayin,0
09050005321,1
ibm,0
sura,0
chillin,0
cloud,0
notified,1
08712400602450p,2
cafe,0
famous,0
macedonia,1
deciding,0
teacher,0
times,0
bad,0
violence,0
½ûªve,1
wine,0
rodds1,1
transfered,0
aha,0
lessons,0
txtx,1
hospitals,0
normal,1
black,0
09065171142,1
sorts,0
manual,0
shy,0
mates,8
fruit,0
2007,1
ouch,0
downstem,0
breadstick,0
nat,1
chocolate,0
sunshine,7
xavier,0
murder,0
instead,0
randomlly,0
pockets,0
thats,0
headin,0
kidz,0
disconnected,0
sinco,0
alibi,0
priority,0
settings,1
pert,0
stripes,0
listen,2
ticket,0
bollox,0
permissions,0
yourself,1
zed,4
cardiff,0
prabha,0
oblisingately,0
brownie,0
one,7
cashed,0
wonder,0
tried,10
sliding,0
sindu,0
arrived,0
ben,0
ache,0
data,0
fran,0
buen,0
loud,0
taxes,0
stand,0
consensus,0
ami,0
folks,1
redeemable,1
ppl,0
mel,0
stayed,0
law,0
visitor,0
raised,0
help08700621170150p,1
placed,0
because,2
nookii,1
½50,2
walking,0
outta,0
fixes,0
win150ppmx3age16,1
slowing,0
callcost,2
paying,0
textpod,4
cts,0
bc,0
waste,0
exterminator,0
si,0
frauds,0
center,2
m39m51,1
either,8
mcat,0
categories,0
oath,0
geeeee,0
alaipayuthe,0
missionary,0
wlcome,0
vday,0
prey,0
gentle,0
oz,1
accept,0
bein,0
queen,0
bored,2
bakrid,0
thedailydraw,1
frndsship,0
stereo,0
chennai,0
weed,0
purity,0
hotels,1
jason,0
presleys,1
without,0
2004,4
excuse,0
2nights,1
hl,5
0207,2
velly,0
1205,0
office,1
6031,1
09096102316,1
08452810071,1
battle,0
needa,0
unclaimed,1
cheque,0
dorm,0
shudvetold,0
lingerie,1
inst,0
2optout,4
spreadsheet,0
gr8fun,0
½100,18
gbp1,1
hoped,0
69200,1
copies,0
wrecked,0
e,12
crazyin,1
face,0
t91,1
racal,1
double,10
sonyericsson,5
gaps,0
address,4
letter,0
boring,0
reckon,0
coffee,0
reaching,0
entry41,1
dt,0
gave,0
tap,0
blackberry,0
blu,2
mobcudb,1
mm,0
2u,1
326,2
fucking,0
87021,3
ki,0
hurry,1
reset,0
chart,1
nichols,1
moment,0
service,40
doors,0
heard,3
msgs,8
werethe,0
granite,1
reache,0
abnormally,0
peeps,0
pray,0
dedicate,0
trav,1
dare,0
babe,4
fetching,0
tol,0
loyalty,7
pookie,0
problematic,0
1x150p,4
challenging,0
09061209465,3
problum,0
batt,0
sayhey,0
be,36
mtmsgrcvd18,2
730,0
inconsiderate,0
horse,0
½150pw,1
3qxj9,2
spent,0
hme,0
84128,2
w111wx,2
eerie,4
leaving,0
ron,0
urfeeling,0
showered,0
magical,0
diddy,0
iwana,0
renting,0
p,1
bcums,0
indians,0
feng,0
stylish,0
age23,1
moan,1
management,0
pongal,0
trade,0
forgotten,0
cuz,0
thankyou,0
johnï,0
modl,0
math,0
case,0
1da,1
pura,0
6missed,0
completely,1
slept,0
classic,1
08717898035,3
wml,1
colleg,0
spk,0
series,0
220cm2,1
mornin,0
swimming,0
locks,0
source,0
walls,0
0871277810910p,1
iq,0
deal,0
cake,0
arguing,0
positions,0
anyway,0
everytime,0
newscaster,0
magic,0
prasad,0
vijay,0
85,2
party,0
95,0
½250,11
barolla,0
simply,2
yeesh,0
ham,0
tncs,5
09111032124,1
ghost,2
compare,2
cuddling,0
fond,0
ofstuff,0
islands,1
morefrmmob,1
va,0
09065069154,1
meetin,0
tomo,0
tc,6
